date,Open,High,Low,Close,Volume,symbol
2025-06-09,203.96058960802065,205.56720771427428,199.59977555964565,201.02676391601562,72862600,AAPL
2025-06-10,200.1785434107301,203.92066462184746,200.14860765917956,202.2441864013672,54672600,AAPL
2025-06-11,203.0724503091444,204.07034932786254,197.99314795828434,198.36236572265625,60989900,AAPL
2025-06-12,198.66173587371065,199.26046614106752,196.94534836583952,198.78147888183594,43904600,AAPL
2025-06-13,199.3103695725812,199.9490243445518,195.2888376882346,196.03726196289062,51447300,AAPL
2025-06-16,196.8854859861783,198.27256505925683,196.1470352061455,198.0031280517578,43020700,AAPL
2025-06-17,196.78567812068002,197.97318035709665,194.79986887227625,195.2289581298828,38856200,AAPL
2025-06-18,195.52832221137376,197.15490236836843,194.66015499959357,196.16697692871094,45394700,AAPL
2025-06-20,197.8235020126397,201.27622400422058,196.44639652864126,200.57769775390625,96813500,AAPL
2025-06-23,201.20639190632414,201.87498244787415,198.54200324907936,201.07666015625,55814300,AAPL
2025-06-24,202.16436301176623,203.0125832870988,199.77938491343542,199.87918090820312,54064000,AAPL
2025-06-25,201.0267661369261,203.2421033073339,200.19850807531137,201.13653564453125,39525700,AAPL
2025-06-26,201.00678701240994,202.2142514946699,199.04094000321476,200.57769775390625,50799100,AAPL
2025-06-27,201.4658274879402,202.7930349784745,199.57979899649257,200.65753173828125,73188600,AAPL
2025-06-30,201.58557286233471,206.95427439094752,198.84135059390303,204.7389373779297,91912800,AAPL
2025-07-01,206.23578409144605,209.74839282792448,205.70689884063935,207.3833770751953,78788900,AAPL
2025-07-02,208.47108532398713,212.8917706186518,207.7026988246806,211.99366760253906,67941800,AAPL
2025-07-03,211.70428104663077,214.19902871499423,211.36499901814886,213.10134887695312,34955800,AAPL
2025-07-07,212.23315593085263,215.77570049162512,208.36131809352125,209.50889587402344,50229000,AAPL
2025-07-08,209.658593847986,210.98578616820197,208.01205130024096,209.5687713623047,42848900,AAPL
2025-07-09,209.0897778625777,210.8859991217609,206.78463359109693,210.69639587402344,48749400,AAPL
2025-07-10,210.06771262581316,213.03147386855414,209.58872537016995,211.96372985839844,44443600,AAPL
2025-07-11,210.12759762046792,211.68431760849728,209.41908263784933,210.7163543701172,39765800,AAPL
2025-07-14,209.48893166698292,210.46688365912564,207.10395364435493,208.1816864013672,38840100,AAPL
2025-07-15,208.7804390594974,211.44482767792792,208.48106630115817,208.67066955566406,42296300,AAPL
2025-07-16,209.8581806046168,211.95375954691573,208.2016644692293,209.71847534179688,47490500,AAPL
2025-07-17,210.12759810142074,211.3550095983717,209.14964612579556,209.57875061035156,48068100,AAPL
2025-07-18,210.42696659875526,211.34503189230253,209.25942654413325,210.73631286621094,48974600,AAPL
2025-07-21,211.65437808070223,215.3266389893317,211.18536434566,212.0335693359375,51377400,AAPL
2025-07-22,212.69220709721728,214.49840197701596,211.78411528941558,213.94955444335938,46404100,AAPL
2025-07-23,214.54829351654996,214.69797228179937,211.9637386583707,213.7000732421875,46989300,AAPL
2025-07-24,213.45058781785585,215.2368355364858,213.08137006420023,213.31088256835938,46022600,AAPL
2025-07-25,214.24891808809048,214.7877920897316,212.95164630742312,213.43064880371094,40268800,AAPL
2025-07-28,213.5803337758995,214.39861831079742,212.61237047326716,213.6002960205078,37858000,AAPL
2025-07-29,213.73000061776605,214.3586818606333,210.37707459375494,210.8261260986328,51411700,AAPL
2025-07-30,211.454797150492,211.94377315400357,207.28358653790625,208.6107940673828,45512500,AAPL
2025-07-31,208.0519764228089,209.39913099136336,206.72476887181696,207.1339111328125,80698400,AAPL
2025-08-01,210.4269720875647,213.1312852679161,201.07666267114303,201.95481872558594,104434500,AAPL
2025-08-04,204.0803265791815,207.44325668811337,201.25627047720934,202.9227752685547,75109300,AAPL
2025-08-05,202.97265486934364,204.90858140720596,201.73526982787092,202.49366760253906,44155100,AAPL
2025-08-06,205.19798558200998,214.9275012748427,205.15806109322384,212.80197143554688,108483100,AAPL
2025-08-07,218.42014073215765,220.38600300495352,216.12496995802366,219.56771850585938,90224800,AAPL
2025-08-08,220.36604479784603,230.5146761138317,218.78936250198095,228.86814880371094,113854000,AAPL
2025-08-11,227.6992650180531,229.33767612130436,224.54232171734583,226.95997619628906,61806100,AAPL
2025-08-12,227.78917070894937,230.57647717809445,226.8500938879156,229.42758178710938,55626200,AAPL
2025-08-13,230.8462285986664,234.77241529044048,230.2068337695816,233.10403442382812,69878500,AAPL
2025-08-14,233.83332460758467,234.89229562265464,230.6264418350812,232.5545654296875,51916300,AAPL
2025-08-15,233.77337703316005,234.0531046408583,229.11788646444978,231.36570739746094,56038700,AAPL
2025-08-18,231.47561022214762,232.89423321308522,229.88715369469057,230.66639709472656,37476200,AAPL
2025-08-19,231.05601964615855,232.64447617946885,229.1278960385577,230.3367156982422,39402600,AAPL
2025-08-20,229.75726351111018,230.24679444121838,225.55134937034353,225.79110717773438,42263900,AAPL
2025-08-21,226.05087353353895,226.30063142153253,223.56327948127884,224.68218994140625,30621200,AAPL
2025-08-22,225.95095699429655,228.8681272027074,225.1916985271248,227.53941345214844,42477800,AAPL
2025-08-25,226.26065308481304,229.07792927219558,226.01089520624416,226.94000244140625,30983100,AAPL
2025-08-26,226.65028173376106,229.26775474756235,224.4724002828088,229.08792114257812,54575100,AAPL
2025-08-27,228.38860049855515,230.676376013076,228.03893336267103,230.26678466796875,31259500,AAPL
2025-08-28,230.59647266873003,233.18396075811214,229.11789497993007,232.33477783203125,38074700,AAPL
2025-08-29,232.28481317583598,233.15398096397084,231.145917853049,231.91517639160156,39418400,AAPL
2025-09-02,229.02798202980685,230.62643860177437,226.75019132336067,229.49752807617188,44075600,AAPL
2025-09-03,236.98028515930878,238.6186963224971,234.133039090421,238.2390594482422,66427800,AAPL
2025-09-04,238.21906152531412,239.66765417218173,236.51072617258424,239.5477752685547,47549400,AAPL
2025-09-05,239.76756781945676,241.08629675958926,238.25903569310344,239.45787048339844,54870400,AAPL
2025-09-08,239.06825064349684,239.91741830634814,236.11111057683257,237.64962768554688,48999500,AAPL
2025-09-09,236.77047435136637,238.5487492683241,233.13400016518182,234.123046875,66313900,AAPL
2025-09-10,231.96513778704139,232.19491077497392,225.73117543382176,226.5703582763672,83440800,AAPL
2025-09-11,226.66027725307507,230.22681187017153,226.43048902665416,229.80722045898438,50208600,AAPL
2025-09-12,228.9980136278554,234.28288383192944,228.79821036620638,233.84332275390625,55824200,AAPL
2025-09-15,236.77047667310174,237.95932665324483,234.80238330570734,236.47076416015625,42699500,AAPL
2025-09-16,236.9502954777413,240.98639147239973,236.09114297984144,237.9193572998047,63421100,AAPL
2025-09-17,238.73857528095925,239.86748583209587,237.4997706474641,238.75856018066406,46508000,AAPL
2025-09-18,239.737599946219,240.9664044724694,236.4208079152849,237.64962768554688,44249600,AAPL
2025-09-19,240.99636870073516,246.06146581163878,239.9773675285625,245.26223754882812,163741300,AAPL
2025-09-22,248.05953649140056,256.3914711896616,247.8797028858207,255.8319854736328,105517400,AAPL
2025-09-23,255.63220171436936,257.0907792625319,253.33442606621003,254.18359375,60275200,AAPL
2025-09-24,254.9728287261993,255.4923293909784,250.79686899703333,252.06564331054688,42303700,AAPL
2025-09-25,252.96477212582877,256.9209435623003,251.466224879955,256.6212158203125,55202100,AAPL
2025-09-26,253.8539172209246,257.3505275669758,253.5342198150173,255.2126007080078,46076300,AAPL
2025-09-29,254.31347273152574,254.75304905914027,252.76497075706976,254.18359375,40127700,AAPL
2025-09-30,254.61318058017173,255.67215158054225,252.8648753735947,254.38340759277344,37704300,AAPL
2025-10-01,254.7929996074261,258.53938316103813,254.6831055272507,255.20260620117188,48713900,AAPL
2025-10-02,256.33149581258533,257.9299523535748,253.9038565188199,256.8809814453125,42630200,AAPL
2025-10-03,254.42336451804394,258.9889308017334,253.70406057825727,257.7701110839844,49155600,AAPL
2025-10-06,257.7401350456914,258.819106172963,254.80299514816292,256.44140625,44664100,AAPL
2025-10-07,256.56129542181253,257.15072039039774,255.18262697514498,256.23162841796875,31955800,AAPL
2025-10-08,256.2715719294531,258.2696351050741,255.8619653198879,257.8100891113281,36496900,AAPL
2025-10-09,257.5603136690899,257.75013209688524,252.8948383011137,253.79396057128906,38322000,AAPL
2025-10-10,254.69310389004832,256.13171175032437,243.76369637579657,245.032470703125,61999100,AAPL
2025-10-13,249.13848619669534,249.44818352992385,245.32217845998096,247.42015075683594,38142900,AAPL
2025-10-14,246.36117950382103,248.60900042906025,244.46301046499008,247.53004455566406,35478000,AAPL
2025-10-15,249.24838988167792,251.5761352503302,247.2303418581919,249.09852600097656,33893600,AAPL
2025-10-16,248.00958596667436,248.79881419551728,244.8926123625184,247.21035766601562,39777000,AAPL
2025-10-17,247.77980070207627,253.13461023404025,247.03052706557392,252.045654296875,49147000,AAPL
2025-10-20,255.64218177653177,264.1239650925819,255.3824390623343,261.98602294921875,90483000,AAPL
2025-10-21,261.6263807259345,265.03308188579996,261.5764108568555,262.5155029296875,46695900,AAPL
2025-10-22,262.3956210979312,262.5954395959732,255.18261234613632,258.19970703125,45015300,AAPL
2025-10-23,259.68824995662277,260.36758405794774,257.76012648314656,259.3285827636719,32754900,AAPL
2025-10-24,260.93706434715574,263.87421967110856,258.9290010880386,262.56549072265625,38253700,AAPL
2025-10-27,264.6234656652487,268.8593494221352,264.3936774471076,268.5496520996094,44888200,AAPL
2025-10-28,268.7294713644567,269.6286240979669,267.8902885694659,268.7394714355469,41534800,AAPL
2025-10-29,269.01920560410514,271.1471476128123,266.85129379808274,269.4388122558594,51086700,AAPL
2025-10-30,271.72657092903916,273.87451306817263,268.2199910571769,271.13714599609375,69886500,AAPL
2025-10-31,276.721738255342,277.05143573891627,268.89933466249033,270.108154296875,86167100,AAPL
2025-11-03,270.15812755648943,270.5877038096653,265.9921525413924,268.7894287109375,50194600,AAPL
2025-11-04,268.0701070960229,271.22705027239556,267.36080327265466,269.7784729003906,49274800,AAPL
2025-11-05,268.3498399683747,271.43687417180433,266.67147434431234,269.8783874511719,43683100,AAPL
2025-11-06,267.6305743388968,273.1352174017799,267.6305743388968,269.50872802734375,51204000,AAPL
2025-11-07,269.5386899523433,272.02629915101613,266.51162568814635,268.2099914550781,48227400,AAPL
2025-11-10,268.9599914550781,273.7300109863281,267.4599914550781,269.42999267578125,41312400,AAPL
2025-11-11,269.80999755859375,275.9100036621094,269.79998779296875,275.25,46208300,AAPL
2025-11-12,275.0,275.7300109863281,271.70001220703125,273.4700012207031,48398000,AAPL
2025-11-13,274.1099853515625,276.70001220703125,272.0899963378906,272.95001220703125,49602800,AAPL
2025-11-14,271.04998779296875,275.9599914550781,269.6000061035156,272.4100036621094,47431300,AAPL
2025-11-17,268.82000732421875,270.489990234375,265.7300109863281,267.4599914550781,45018300,AAPL
2025-11-18,269.989990234375,270.7099914550781,265.32000732421875,267.44000244140625,45677300,AAPL
2025-11-19,265.5299987792969,272.2099914550781,265.5,268.55999755859375,40424500,AAPL
2025-11-20,270.8299865722656,275.42999267578125,265.9200134277344,266.25,45823600,AAPL
2025-11-21,265.95001220703125,273.3299865722656,265.6700134277344,271.489990234375,59030800,AAPL
2025-11-24,270.8999938964844,277.0,270.8999938964844,275.9200134277344,65585800,AAPL
2025-11-25,275.2699890136719,280.3800048828125,275.25,276.9700012207031,46914200,AAPL
2025-11-26,276.9599914550781,279.5299987792969,276.6300048828125,277.54998779296875,33431400,AAPL
2025-11-28,277.260009765625,279.0,275.989990234375,278.8500061035156,20135600,AAPL
2025-12-01,278.010009765625,283.4200134277344,276.1400146484375,283.1000061035156,46587700,AAPL
2025-12-02,283.0,287.3999938964844,282.6300048828125,286.19000244140625,53669500,AAPL
2025-12-03,286.20001220703125,288.6199951171875,283.29998779296875,284.1499938964844,43497200,AAPL
2025-06-09,285.9599914550781,309.8299865722656,281.8500061035156,308.5799865722656,140908900,TSLA
2025-06-10,314.94000244140625,327.8299865722656,310.6700134277344,326.0899963378906,151256500,TSLA
2025-06-11,334.3999938964844,335.5,322.5,326.42999267578125,122611400,TSLA
2025-06-12,323.0799865722656,332.55999755859375,316.8599853515625,319.1099853515625,105127500,TSLA
2025-06-13,313.9700012207031,332.989990234375,313.29998779296875,325.30999755859375,128964300,TSLA
2025-06-16,331.2900085449219,332.04998779296875,326.4100036621094,329.1300048828125,83925900,TSLA
2025-06-17,326.0899963378906,327.260009765625,314.739990234375,316.3500061035156,88282700,TSLA
2025-06-18,317.30999755859375,329.32000732421875,315.45001220703125,322.04998779296875,95137700,TSLA
2025-06-20,327.95001220703125,332.3599853515625,317.7799987792969,322.1600036621094,108688000,TSLA
2025-06-23,327.5400085449219,357.5400085449219,327.4800109863281,348.67999267578125,190716800,TSLA
2025-06-24,356.1700134277344,356.260009765625,340.44000244140625,340.4700012207031,114736200,TSLA
2025-06-25,342.70001220703125,343.0,320.3999938964844,327.54998779296875,119845100,TSLA
2025-06-26,324.6099853515625,331.04998779296875,323.6099853515625,325.7799987792969,80440900,TSLA
2025-06-27,324.510009765625,329.3399963378906,317.5,323.6300048828125,89067000,TSLA
2025-06-30,319.8999938964844,325.5799865722656,316.6000061035156,317.6600036621094,76695100,TSLA
2025-07-01,298.4599914550781,305.8900146484375,293.2099914550781,300.7099914550781,145085700,TSLA
2025-07-02,312.6300048828125,316.8299865722656,303.82000732421875,315.6499938964844,119483700,TSLA
2025-07-03,317.989990234375,318.45001220703125,312.760009765625,315.3500061035156,58042300,TSLA
2025-07-07,291.3699951171875,296.1499938964844,288.7699890136719,293.94000244140625,131177900,TSLA
2025-07-08,297.0,304.04998779296875,294.3500061035156,297.80999755859375,103246700,TSLA
2025-07-09,297.54998779296875,300.1499938964844,293.54998779296875,295.8800048828125,75586800,TSLA
2025-07-10,300.04998779296875,310.4800109863281,300.0,309.8699951171875,104365300,TSLA
2025-07-11,307.8900146484375,314.0899963378906,305.6499938964844,313.510009765625,79236400,TSLA
2025-07-14,317.7300109863281,322.6000061035156,312.6700134277344,316.8999938964844,78043400,TSLA
2025-07-15,319.67999267578125,321.20001220703125,310.5,310.7799987792969,77556300,TSLA
2025-07-16,312.79998779296875,323.5,312.6199951171875,321.6700134277344,97284800,TSLA
2025-07-17,323.1499938964844,324.3399963378906,317.05999755859375,319.4100036621094,73922900,TSLA
2025-07-18,321.6600036621094,330.8999938964844,321.4200134277344,329.6499938964844,94255000,TSLA
2025-07-21,334.3999938964844,338.0,326.8800048828125,328.489990234375,75768800,TSLA
2025-07-22,329.739990234375,335.4100036621094,321.54998779296875,332.1099853515625,77370400,TSLA
2025-07-23,330.8999938964844,336.20001220703125,328.6700134277344,332.55999755859375,92553800,TSLA
2025-07-24,310.0,310.1499938964844,300.4100036621094,305.29998779296875,156966000,TSLA
2025-07-25,308.739990234375,323.6300048828125,308.010009765625,316.05999755859375,148227000,TSLA
2025-07-28,318.45001220703125,330.489990234375,315.69000244140625,325.5899963378906,112673800,TSLA
2025-07-29,325.54998779296875,326.25,318.25,321.20001220703125,87358900,TSLA
2025-07-30,322.17999267578125,324.45001220703125,311.6199951171875,319.0400085449219,83931900,TSLA
2025-07-31,319.6099853515625,321.3699951171875,306.1000061035156,308.2699890136719,85270900,TSLA
2025-08-01,306.2099914550781,309.30999755859375,297.82000732421875,302.6300048828125,89121400,TSLA
2025-08-04,309.0799865722656,312.1199951171875,303.0,309.260009765625,78683900,TSLA
2025-08-05,308.95001220703125,312.45001220703125,305.5,308.7200012207031,57961300,TSLA
2025-08-06,307.8900146484375,320.4700012207031,306.92999267578125,319.9100036621094,78523600,TSLA
2025-08-07,319.7900085449219,322.3999938964844,316.1600036621094,322.2699890136719,66658700,TSLA
2025-08-08,321.42999267578125,335.1499938964844,320.9800109863281,329.6499938964844,91200300,TSLA
2025-08-11,335.0,346.6400146484375,334.1499938964844,339.0299987792969,105320200,TSLA
2025-08-12,345.0,345.260009765625,332.94000244140625,340.8399963378906,80522100,TSLA
2025-08-13,341.5,348.9800109863281,338.20001220703125,339.3800048828125,67838900,TSLA
2025-08-14,335.760009765625,340.4700012207031,330.3999938964844,335.5799865722656,75000700,TSLA
2025-08-15,337.6600036621094,339.29998779296875,327.0199890136719,330.55999755859375,74319800,TSLA
2025-08-18,329.6199951171875,336.2699890136719,329.5899963378906,335.1600036621094,56956600,TSLA
2025-08-19,335.7900085449219,340.54998779296875,327.8500061035156,329.30999755859375,75956000,TSLA
2025-08-20,329.2200012207031,331.3699951171875,314.6000061035156,323.8999938964844,77481800,TSLA
2025-08-21,322.0799865722656,324.8999938964844,318.67999267578125,320.1099853515625,55744400,TSLA
2025-08-22,321.6600036621094,340.25,319.69000244140625,340.010009765625,94016300,TSLA
2025-08-25,338.8999938964844,349.5299987792969,335.0299987792969,346.6000061035156,86670000,TSLA
2025-08-26,344.92999267578125,351.8999938964844,343.7200012207031,351.6700134277344,76651600,TSLA
2025-08-27,351.94000244140625,355.3900146484375,349.1600036621094,349.6000061035156,65519000,TSLA
2025-08-28,350.9100036621094,353.54998779296875,340.260009765625,345.9800109863281,67903200,TSLA
2025-08-29,347.2300109863281,348.75,331.70001220703125,333.8699951171875,81145700,TSLA
2025-09-02,328.2300109863281,333.3299865722656,325.6000061035156,329.3599853515625,58392000,TSLA
2025-09-03,335.20001220703125,343.3299865722656,328.510009765625,334.0899963378906,88733300,TSLA
2025-09-04,336.1499938964844,338.8900146484375,331.4800109863281,338.5299987792969,60711000,TSLA
2025-09-05,348.0,355.8699951171875,344.67999267578125,350.8399963378906,108989800,TSLA
2025-09-08,354.6400146484375,358.44000244140625,344.8399963378906,346.3999938964844,75208300,TSLA
2025-09-09,348.44000244140625,350.7699890136719,343.82000732421875,346.9700012207031,53816000,TSLA
2025-09-10,350.54998779296875,356.3299865722656,346.07000732421875,347.7900085449219,72121700,TSLA
2025-09-11,350.1700134277344,368.989990234375,347.6000061035156,368.80999755859375,103756000,TSLA
2025-09-12,370.94000244140625,396.69000244140625,370.239990234375,395.94000244140625,168156400,TSLA
2025-09-15,423.1300048828125,425.70001220703125,402.42999267578125,410.0400085449219,163823700,TSLA
2025-09-16,414.5,423.25,411.42999267578125,421.6199951171875,104285700,TSLA
2025-09-17,415.75,428.30999755859375,409.6700134277344,425.8599853515625,106133500,TSLA
2025-09-18,428.8699951171875,432.2200012207031,416.55999755859375,416.8500061035156,90454500,TSLA
2025-09-19,421.82000732421875,429.4700012207031,421.7200012207031,426.07000732421875,93131000,TSLA
2025-09-22,431.1099853515625,444.9800109863281,429.1300048828125,434.2099914550781,97108800,TSLA
2025-09-23,439.8800048828125,440.9700012207031,423.7200012207031,425.8500061035156,83422700,TSLA
2025-09-24,429.8299865722656,444.2099914550781,429.0299987792969,442.7900085449219,93133600,TSLA
2025-09-25,435.239990234375,435.3500061035156,419.0799865722656,423.3900146484375,96746400,TSLA
2025-09-26,428.29998779296875,440.4700012207031,421.0199890136719,440.3999938964844,101628200,TSLA
2025-09-29,444.3500061035156,450.9800109863281,439.5,443.2099914550781,79491500,TSLA
2025-09-30,441.5199890136719,445.0,433.1199951171875,444.7200012207031,74358000,TSLA
2025-10-01,443.79998779296875,462.2900085449219,440.75,459.4599914550781,98122300,TSLA
2025-10-02,470.5400085449219,470.75,435.57000732421875,436.0,137009000,TSLA
2025-10-03,443.2900085449219,446.7699890136719,416.5799865722656,429.8299865722656,133188200,TSLA
2025-10-06,440.75,453.54998779296875,436.69000244140625,453.25,85324900,TSLA
2025-10-07,447.82000732421875,452.67999267578125,432.45001220703125,433.0899963378906,102296100,TSLA
2025-10-08,437.57000732421875,441.3299865722656,425.2300109863281,438.69000244140625,71192100,TSLA
2025-10-09,431.80999755859375,436.3500061035156,426.17999267578125,435.5400085449219,69339900,TSLA
2025-10-10,436.5400085449219,443.1300048828125,411.45001220703125,413.489990234375,112107900,TSLA
2025-10-13,423.5299987792969,436.8900146484375,419.70001220703125,435.8999938964844,79552800,TSLA
2025-10-14,426.7900085449219,434.20001220703125,417.8599853515625,429.239990234375,72669400,TSLA
2025-10-15,434.8999938964844,440.510009765625,426.3299865722656,435.1499938964844,71558200,TSLA
2025-10-16,434.7300109863281,439.3500061035156,421.30999755859375,428.75,77189900,TSLA
2025-10-17,425.5,441.4599914550781,423.6000061035156,439.30999755859375,89331600,TSLA
2025-10-20,443.8699951171875,449.79998779296875,440.6099853515625,447.42999267578125,63719000,TSLA
2025-10-21,445.760009765625,449.29998779296875,442.04998779296875,442.6000061035156,54412200,TSLA
2025-10-22,443.45001220703125,445.5400085449219,429.0,438.9700012207031,84023500,TSLA
2025-10-23,420.0,449.3999938964844,413.8999938964844,448.9800109863281,126709800,TSLA
2025-10-24,446.8299865722656,451.67999267578125,430.1700134277344,433.7200012207031,94727800,TSLA
2025-10-27,439.9800109863281,460.1600036621094,438.69000244140625,452.4200134277344,105867500,TSLA
2025-10-28,454.7799987792969,467.0,451.6000061035156,460.54998779296875,80185700,TSLA
2025-10-29,462.5,465.70001220703125,452.6499938964844,461.510009765625,67983500,TSLA
2025-10-30,451.04998779296875,455.05999755859375,439.6099853515625,440.1000061035156,72447900,TSLA
2025-10-31,446.75,458.0,443.69000244140625,456.55999755859375,83135800,TSLA
2025-11-03,455.989990234375,474.07000732421875,453.79998779296875,468.3699951171875,84595200,TSLA
2025-11-04,454.4599914550781,460.2200012207031,443.6000061035156,444.260009765625,87756600,TSLA
2025-11-05,452.04998779296875,466.3299865722656,440.7099914550781,462.07000732421875,85573000,TSLA
2025-11-06,461.9599914550781,467.45001220703125,435.0899963378906,445.9100036621094,109622900,TSLA
2025-11-07,437.9200134277344,439.3599853515625,421.8800048828125,429.5199890136719,103471500,TSLA
2025-11-10,439.6000061035156,449.6700134277344,433.3599853515625,445.2300109863281,76515900,TSLA
2025-11-11,439.3999938964844,442.489990234375,432.3599853515625,439.6199951171875,60533200,TSLA
2025-11-12,442.1499938964844,442.3299865722656,426.55999755859375,430.6000061035156,58513500,TSLA
2025-11-13,423.1300048828125,424.5,396.3399963378906,401.989990234375,118948000,TSLA
2025-11-14,386.29998779296875,412.19000244140625,382.7799987792969,404.3500061035156,105506700,TSLA
2025-11-17,398.739990234375,423.9599914550781,398.739990234375,408.9200134277344,102214300,TSLA
2025-11-18,405.3800048828125,408.8999938964844,393.7099914550781,401.25,80688600,TSLA
2025-11-19,406.17999267578125,411.7799987792969,398.5,403.989990234375,72047700,TSLA
2025-11-20,414.6300048828125,428.94000244140625,394.739990234375,395.2300109863281,113548800,TSLA
2025-11-21,402.32000732421875,402.79998779296875,383.760009765625,391.0899963378906,100460600,TSLA
2025-11-24,402.1700134277344,421.7200012207031,401.0899963378906,417.7799987792969,96806400,TSLA
2025-11-25,414.4200134277344,420.4800109863281,405.95001220703125,419.3999938964844,71915600,TSLA
2025-11-26,423.95001220703125,426.94000244140625,416.8900146484375,426.5799865722656,63463000,TSLA
2025-11-28,426.5899963378906,432.92999267578125,426.20001220703125,430.1700134277344,36252900,TSLA
2025-12-01,425.32000732421875,433.6600036621094,425.2900085449219,430.1400146484375,57463600,TSLA
2025-12-02,430.80999755859375,436.79998779296875,422.1199951171875,429.239990234375,69336600,TSLA
2025-12-03,432.1000061035156,447.9200134277344,431.1099853515625,446.739990234375,87207800,TSLA
2025-06-09,468.05311353771793,471.77001565920176,466.9768832876908,471.0924072265625,16469900,MSFT
2025-06-10,469.53787169847936,471.14221196784314,465.3226923748716,469.2688293457031,15375900,MSFT
2025-06-11,468.37197033665615,473.80287330978865,468.01324719222674,470.9628601074219,16399200,MSFT
2025-06-12,473.3544415367432,478.73553201697933,471.8597009390277,477.1909484863281,18950600,MSFT
2025-06-13,474.7395752703882,477.4998519181197,471.1023792861798,473.2946472167969,16814500,MSFT
2025-06-16,473.5437784887318,479.00457509504827,473.3345233196989,477.46002197265625,15626100,MSFT
2025-06-17,473.7331030955977,477.06138843382047,472.4177241014044,476.3638610839844,15414100,MSFT
2025-06-18,476.3239856832242,479.313466764918,472.7963894918646,478.5561218261719,17526500,MSFT
2025-06-20,480.53918652379775,481.76485435953526,475.1979642712812,475.7261047363281,37576200,MSFT
2025-06-23,476.53323466530253,486.0397928967888,470.8532389300749,484.2959289550781,24864000,MSFT
2025-06-24,487.23560408546166,490.1254297173699,485.0931183138473,488.3915100097656,22305600,MSFT
2025-06-25,490.314771223071,492.82592441237585,487.6740689863978,490.5439453125,17495100,MSFT
2025-06-26,491.2514824256969,496.29373818928514,491.08206511354325,495.705810546875,21578900,MSFT
2025-06-27,495.80545117387857,497.54931522943417,491.30131038962224,494.20111083984375,34539200,MSFT
2025-06-30,495.2972567719388,499.0042146991214,493.5932305818623,495.66595458984375,28369000,MSFT
2025-07-01,494.7292533047111,496.30370004913976,489.2585123483102,490.3247375488281,19945400,MSFT
2025-07-02,488.2719538404123,491.76965656989233,486.98649882219644,489.36810302734375,16319600,MSFT
2025-07-03,492.07857999859937,498.3764278450543,491.7098821739863,497.0909423828125,13984800,MSFT
2025-07-07,495.6360493014733,497.0012408266234,493.4935938943106,495.974853515625,13981600,MSFT
2025-07-08,495.4965138505155,496.4531696907806,492.3774837277821,494.8786926269531,11846600,MSFT
2025-07-09,498.54580110123976,505.003091421344,497.98776704512187,501.74456787109375,18659500,MSFT
2025-07-10,501.2861517097084,502.67129257213526,496.0047471787155,499.7216796875,16492100,MSFT
2025-07-11,496.72223609239006,503.25923259786794,496.054571905536,501.55523681640625,16459500,MSFT
2025-07-14,499.7615155353931,502.2029372942231,499.273243347857,501.2562561035156,12058800,MSFT
2025-07-15,501.2562471634966,506.51773265302506,501.027073076573,504.04644775390625,14927200,MSFT
2025-07-16,503.40867779230757,504.94328659833275,500.13023542973804,503.8471374511719,15154400,MSFT
2025-07-17,503.9069415603956,511.5699807689203,503.84715436950415,509.9058532714844,17503100,MSFT
2025-07-18,512.6760872301095,512.8355602906365,505.6508184267905,508.2616271972656,21209700,MSFT
2025-07-21,504.9333159392007,510.29448733980524,503.77737959397786,508.2715759277344,14066800,MSFT
2025-07-22,509.1784090675831,509.40761357627605,503.4983825683594,503.4983825683594,13868600,MSFT
2025-07-23,504.97320231513,505.01307057965715,498.9444273574923,504.0962829589844,16396600,MSFT
2025-07-24,506.98609704492156,511.86891017220256,505.5212500656798,509.0887145996094,16107000,MSFT
2025-07-25,510.67314061143924,516.4727417364818,508.57055332296227,511.9088439941406,19125700,MSFT
2025-07-28,512.2775105607909,513.1942677567645,508.3313735189307,510.7030334472656,14308000,MSFT
2025-07-29,513.7224399565682,515.8050777848653,509.7663282358281,510.7727966308594,16469200,MSFT
2025-07-30,513.3636552782116,514.1409495778635,507.6537656967309,511.4404296875,26380400,MSFT
2025-07-31,553.2831833968122,553.5024436401114,530.0350289229713,531.62939453125,51617300,MSFT
2025-08-01,533.1241706958108,533.9213535531813,519.0337340919326,522.2723388671875,28977600,MSFT
2025-08-04,526.4177481275262,536.3627358241171,526.2782244119826,533.7619018554688,25349000,MSFT
2025-08-05,535.2964641743647,535.41603854948,525.3913146279989,525.8995361328125,19171600,MSFT
2025-08-06,529.0385508551038,529.8357336828143,522.1926437275052,523.0994262695312,21355700,MSFT
2025-08-07,524.9529190734887,526.2384349946553,515.7353514691818,519.0138549804688,16079100,MSFT
2025-08-08,520.7676288144971,522.8204035830947,517.5888112007746,520.2095947265625,15531000,MSFT
2025-08-11,520.4686618064882,525.7401525514866,517.8976909591346,519.9405517578125,20194400,MSFT
2025-08-12,521.9135974657331,529.1182277589118,520.8672912006765,527.3843383789062,18667000,MSFT
2025-08-13,530.2443026581628,530.8322607629538,517.5489813455309,518.7547607421875,19619200,MSFT
2025-08-14,520.7277467800332,524.1058750288076,518.3162490497452,520.6480102539062,20269100,MSFT
2025-08-15,520.9370505811125,524.255330935539,517.2599862571353,518.3461303710938,25213300,MSFT
2025-08-18,519.7611730136332,520.9868407954262,512.2177084457264,515.286865234375,23760600,MSFT
2025-08-19,513.1942782099028,513.3536904476517,506.7668813962475,507.98260498046875,21481000,MSFT
2025-08-20,508.0822507382742,509.2082935133009,502.6712971096552,503.9468078613281,27723000,MSFT
2025-08-21,502.74904380636957,506.68168580920974,501.7808546744913,503.2980041503906,18443300,MSFT
2025-08-22,503.3079962424447,509.77590173606455,501.471437254012,506.2824401855469,24324200,MSFT
2025-08-25,505.6835608535286,507.2406441544574,503.1782400793436,503.3179931640625,21638600,MSFT
2025-08-26,503.4177851675948,504.0366525259624,497.5787379824689,501.1021423339844,30835700,MSFT
2025-08-27,501.06219963605827,506.34232576675964,498.96611661319633,505.7933349609375,17277900,MSFT
2025-08-28,506.1426727693108,510.1352001425548,504.5556467937143,508.68792724609375,18015600,MSFT
2025-08-29,507.7097597194238,508.64800611235046,503.5475364264987,505.7434387207031,20961600,MSFT
2025-09-02,499.53505401941584,505.0547219959289,495.88188775050133,504.1763610839844,18128000,MSFT
2025-09-03,502.8488615493355,506.8413890153064,501.3816064871684,504.40594482421875,16345100,MSFT
2025-09-04,503.3578996917829,507.20071355848035,502.2100541109688,507.02105712890625,15509500,MSFT
2025-09-05,508.11900990545524,511.0135863020471,491.4501951138555,494.0752868652344,31994800,MSFT
2025-09-08,497.1794589519428,500.26371328397477,494.10522614671714,497.2693176269531,16771000,MSFT
2025-09-09,500.4932596555404,501.3117351050236,496.77024724997165,497.4789123535156,14410500,MSFT
2025-09-10,502.04038173392,502.2899147028095,495.7920664455459,499.43524169921875,21611800,MSFT
2025-09-11,501.31173995388707,502.2300346920423,496.9499084839274,500.0740661621094,18881600,MSFT
2025-09-12,505.70352006176233,511.59249216822343,502.9087629314118,508.94744873046875,23624900,MSFT
2025-09-15,507.8395136770829,514.5069966795595,506.05284913244947,514.397216796875,17143800,MSFT
2025-09-16,515.9144004162443,516.2637221986186,507.64986983793983,508.08905029296875,19711900,MSFT
2025-09-17,509.6660849144807,510.33484666258875,504.9848440594251,509.06719970703125,15816600,MSFT
2025-09-18,510.5344514878828,512.1115168727503,506.71161989545686,507.5001525878906,18913700,MSFT
2025-09-19,509.6061757592278,518.3298380532008,509.35664280609984,516.96240234375,52474100,MSFT
2025-09-22,514.6268375894382,516.772784556969,511.5824866494396,513.4889526367188,20009300,MSFT
2025-09-23,512.8401566617626,513.6287198501773,506.3622903955001,508.2787170410156,19799600,MSFT
2025-09-24,509.4265417419943,511.5225942719762,505.9730140478167,509.19696044921875,13533700,MSFT
2025-09-25,507.3504106819217,509.0572380888419,504.09652154158834,506.0827941894531,15786500,MSFT
2025-09-26,509.1071380786861,512.9798945996346,505.67356201643696,510.5045166015625,16213100,MSFT
2025-09-29,510.5444265624633,515.8844074376258,507.9293260645142,513.6386108398438,17617800,MSFT
2025-09-30,512.2811987663596,517.1919905812645,508.70790002171145,516.982421875,19728200,MSFT
2025-10-01,513.8382741479315,519.5376290534263,510.7340986553811,518.7391357421875,22632300,MSFT
2025-10-02,516.6730253227585,520.625588764222,509.7260051791023,514.7765502929688,21222900,MSFT
2025-10-03,516.1339509263171,519.5176324904353,514.0378984273964,516.3834838867188,15112300,MSFT
2025-10-06,517.6411650074094,530.0380069481532,517.2319577376861,527.5825805664062,21388600,MSFT
2025-10-07,527.3030443984364,528.8102332144322,520.4658657072805,523.0010986328125,14615200,MSFT
2025-10-08,522.3024933531,525.9656203925812,522.1128458539913,523.8695068359375,13363400,MSFT
2025-10-09,521.3642478231245,523.3505205733983,516.4334737589328,521.4241333007812,18343600,MSFT
2025-10-10,518.6692706129455,522.6019127014883,508.6779606337136,510.0054626464844,24133800,MSFT
2025-10-13,515.4452371680482,515.4452371680482,510.7240930552238,513.0896606445312,14284200,MSFT
2025-10-14,509.2768388871209,514.3174231454748,505.05473007895694,512.610595703125,14684300,MSFT
2025-10-15,513.9979961583023,516.2238106749688,509.04724028199115,512.4708251953125,14694700,MSFT
2025-10-16,511.62245544117155,515.884437136842,507.1807563967364,510.65423583984375,15559600,MSFT
2025-10-17,508.0890780500653,514.5170195527368,506.3622988729776,512.62060546875,19867800,MSFT
2025-10-20,513.6486038577511,517.730989827423,512.4708156147512,515.8245239257812,14665600,MSFT
2025-10-21,516.533257830336,517.7210372272165,512.0815676283437,516.6929321289062,15586200,MSFT
2025-10-22,520.1764726871388,524.2488070435115,516.7428964573043,519.5675659179688,18962700,MSFT
2025-10-23,521.4839993377199,522.9712060783663,517.6411550810741,519.5875244140625,14023500,MSFT
2025-10-24,521.8133604589415,524.3685757173844,519.7372899447384,522.6318359375,15532400,MSFT
2025-10-27,530.7866236569336,533.5813808592218,528.0217787333662,530.527099609375,18734700,MSFT
2025-10-28,548.9725518014023,552.6855732732587,539.7598137450263,541.057373046875,29986700,MSFT
2025-10-29,543.9220119141725,545.2495444281135,535.7273269044096,540.538330078125,36023000,MSFT
2025-10-30,529.4889853080866,533.9705877450752,521.1446173319796,524.77783203125,41023100,MSFT
2025-10-31,527.8919782690999,528.3311587204174,514.137692119172,516.8426513671875,34006400,MSFT
2025-11-03,518.8389228578652,523.9793263365088,513.628703759196,516.0641479492188,22374700,MSFT
2025-11-04,510.80399534425794,514.5868933466259,506.8913048594995,513.3692016601562,20958700,MSFT
2025-11-05,512.3410686781482,513.8682396575209,505.6336213981725,506.2125549316406,23024300,MSFT
2025-11-06,504.7153625290288,504.75529633258907,494.88375756631746,496.1713562011719,27406500,MSFT
2025-11-07,496.02163823572937,498.4470913363115,492.32853818272196,495.8918762207031,24019800,MSFT
2025-11-10,499.10586069795033,505.9031361854127,497.8681564860657,505.0547180175781,26101500,MSFT
2025-11-11,503.85694933091565,508.64800052182136,501.411544557113,507.7297058105469,17980000,MSFT
2025-11-12,508.4084461357136,510.7141588310794,498.18758530403636,510.1851501464844,26574900,MSFT
2025-11-13,509.3566671737073,512.54071024479,500.3535287599438,502.34979248046875,25273100,MSFT
2025-11-14,497.2992409027003,510.644258818196,496.51070821491913,509.2268981933594,28505700,MSFT
2025-11-17,507.5001596757347,511.16328656765256,503.9667643395777,506.54193115234375,19092800,MSFT
2025-11-18,494.44458869198826,502.0403882023454,485.87063942574486,492.8675537109375,33815100,MSFT
2025-11-19,489.18443539234676,494.264922953439,481.9279972054541,486.2099914550781,23245300,MSFT
2025-11-20,492.7099914550781,493.57000732421875,475.5,478.42999267578125,26802500,MSFT
2025-11-21,478.5,478.9200134277344,468.2699890136719,472.1199951171875,31769200,MSFT
2025-11-24,475.0,476.8999938964844,468.0199890136719,474.0,34421000,MSFT
2025-11-25,474.07000732421875,479.1499938964844,464.8900146484375,476.989990234375,28019800,MSFT
2025-11-26,486.30999755859375,488.30999755859375,481.20001220703125,485.5,25709100,MSFT
2025-11-28,487.6000061035156,492.6300048828125,486.6499938964844,492.010009765625,14386700,MSFT
2025-12-01,488.44000244140625,489.8599853515625,484.6499938964844,486.739990234375,23964000,MSFT
2025-12-02,486.7200012207031,493.5,486.32000732421875,490.0,19562700,MSFT
2025-12-03,476.32000732421875,484.239990234375,475.20001220703125,477.7300109863281,34562900,MSFT
2025-06-07,104390.6484375,105972.7578125,103987.3125,105615.625,38365033776,BTC-USD
2025-06-08,105617.5078125,106497.0625,105075.328125,105793.6484375,36626232328,BTC-USD
2025-06-09,105793.0234375,110561.421875,105400.234375,110294.1015625,55903193732,BTC-USD
2025-06-10,110295.6875,110380.125,108367.7109375,110257.234375,54700101509,BTC-USD
2025-06-11,110261.796875,110384.21875,108086.328125,108686.625,50842662052,BTC-USD
2025-06-12,108685.9140625,108780.6953125,105785.6875,105929.0546875,54843867968,BTC-USD
2025-06-13,105924.59375,106182.546875,102822.0234375,106090.96875,69550440846,BTC-USD
2025-06-14,106108.0859375,106203.7578125,104379.3671875,105472.40625,38007870453,BTC-USD
2025-06-15,105464.84375,106157.1015625,104519.8828125,105552.0234375,36744307742,BTC-USD
2025-06-16,105555.59375,108915.375,104997.625,106796.7578125,50366626945,BTC-USD
2025-06-17,106794.1171875,107750.1953125,103396.53125,104601.1171875,55964092176,BTC-USD
2025-06-18,104602.0703125,105581.8515625,103602.265625,104883.328125,47318089133,BTC-USD
2025-06-19,104886.7734375,105250.890625,103940.7734375,104684.2890625,37333806920,BTC-USD
2025-06-20,104681.03125,106539.3828125,102372.2109375,103309.6015625,50951862476,BTC-USD
2025-06-21,103315.078125,104015.78125,100973.0625,102257.40625,38360555118,BTC-USD
2025-06-22,102212.03125,103351.6328125,98286.203125,100987.140625,65536997201,BTC-USD
2025-06-23,100987.4765625,106116.859375,99705.75,105577.7734375,65237759656,BTC-USD
2025-06-24,105571.515625,106316.828125,104740.2421875,106045.6328125,48822986421,BTC-USD
2025-06-25,106047.40625,108168.3984375,105881.390625,107361.2578125,51624120283,BTC-USD
2025-06-26,107375.0703125,108305.546875,106666.3515625,106960.0,43891990613,BTC-USD
2025-06-27,106954.921875,107772.46875,106449.9921875,107088.4296875,45353692675,BTC-USD
2025-06-28,107090.546875,107567.8828125,106883.9765625,107327.703125,30037708335,BTC-USD
2025-06-29,107327.8203125,108526.3046875,107230.109375,108385.5703125,35534874438,BTC-USD
2025-06-30,108383.4375,108798.7890625,106759.6484375,107135.3359375,42064804590,BTC-USD
2025-07-01,107144.3828125,107550.6796875,105270.2265625,105698.28125,44110692247,BTC-USD
2025-07-02,105703.1015625,109763.65625,105157.3984375,108859.3203125,56248657737,BTC-USD
2025-07-03,108845.015625,110541.4609375,108605.796875,109647.9765625,50494742270,BTC-USD
2025-07-04,109635.65625,109751.984375,107296.3828125,108034.3359375,42616442656,BTC-USD
2025-07-05,108015.8359375,108381.34375,107842.2734375,108231.1796875,30615537520,BTC-USD
2025-07-06,108231.1875,109731.625,107847.015625,109232.0703125,36746020463,BTC-USD
2025-07-07,109235.328125,109710.25,107527.0546875,108299.8515625,45415696597,BTC-USD
2025-07-08,108298.2265625,109198.96875,107499.5546875,108950.2734375,44282204127,BTC-USD
2025-07-09,108950.2734375,111925.375,108357.6796875,111326.5546875,57927418065,BTC-USD
2025-07-10,111329.1953125,116608.78125,110660.75,115987.203125,95911605728,BTC-USD
2025-07-11,115986.234375,118856.4765625,115245.6875,117516.9921875,86928361085,BTC-USD
2025-07-12,117530.7109375,118219.8984375,116977.0234375,117435.2265625,45524560304,BTC-USD
2025-07-13,117432.203125,119449.5703125,117265.4375,119116.1171875,49021091807,BTC-USD
2025-07-14,119115.7890625,123091.609375,118959.1953125,119849.703125,181746419401,BTC-USD
2025-07-15,119853.8515625,119935.5625,115765.6875,117777.1875,98321661181,BTC-USD
2025-07-16,117777.1875,120065.515625,117064.8203125,118738.5078125,72162029070,BTC-USD
2025-07-17,118738.5078125,120999.609375,117508.21875,119289.84375,72363841798,BTC-USD
2025-07-18,119284.109375,120851.9140625,116925.984375,118003.2265625,77945799785,BTC-USD
2025-07-19,117998.125,118541.3984375,117388.4140625,117939.9765625,47564562765,BTC-USD
2025-07-20,117944.109375,118865.03125,116550.1328125,117300.7890625,57515447231,BTC-USD
2025-07-21,117306.46875,119671.5625,116584.3984375,117439.5390625,69820091744,BTC-USD
2025-07-22,117426.5,120269.96875,116233.2265625,119995.4140625,79217583118,BTC-USD
2025-07-23,119997.4453125,120113.3515625,117391.390625,118754.9609375,66608604537,BTC-USD
2025-07-24,118770.984375,119535.453125,117247.96875,118368.0,72627318560,BTC-USD
2025-07-25,118368.0,118486.9765625,114759.8203125,117635.8828125,104857024569,BTC-USD
2025-07-26,117644.84375,118335.6875,117181.2265625,117947.3671875,48508954046,BTC-USD
2025-07-27,117944.7265625,119815.59375,117859.6875,119448.4921875,54683390892,BTC-USD
2025-07-28,119457.5234375,119819.7890625,117441.4375,117924.4765625,64822943193,BTC-USD
2025-07-29,117938.5859375,119273.8671875,116987.3671875,117922.1484375,68463107433,BTC-USD
2025-07-30,117921.9921875,118780.7265625,115800.828125,117831.1875,68896148592,BTC-USD
2025-07-31,117833.6328125,118919.984375,115505.21875,115758.203125,69370346018,BTC-USD
2025-08-01,115738.953125,116060.7734375,112724.4453125,113320.0859375,91294530181,BTC-USD
2025-08-02,113320.390625,114021.6015625,112005.765625,112526.9140625,56870866000,BTC-USD
2025-08-03,112525.8046875,114747.421875,111943.8046875,114217.671875,48099615826,BTC-USD
2025-08-04,114223.921875,115729.46875,114130.40625,115071.8828125,35783028986,BTC-USD
2025-08-05,115072.1875,115117.4375,112701.109375,114141.4453125,61039182286,BTC-USD
2025-08-06,114140.9140625,115737.8359375,113372.25,115028.0,56379133510,BTC-USD
2025-08-07,115030.0546875,117676.90625,114279.7109375,117496.8984375,64051649681,BTC-USD
2025-08-08,117505.5,117689.203125,115917.4609375,116688.7265625,59713005166,BTC-USD
2025-08-09,116678.2734375,117906.609375,116363.8359375,116500.359375,54004312429,BTC-USD
2025-08-10,116497.71875,119320.7109375,116485.1640625,119306.7578125,64755458694,BTC-USD
2025-08-11,119306.8125,122321.09375,118159.03125,118731.4453125,90528784177,BTC-USD
2025-08-12,118717.6640625,120302.46875,118228.71875,120172.90625,72803657984,BTC-USD
2025-08-13,120168.9765625,123682.453125,118939.6328125,123344.0625,90904808795,BTC-USD
2025-08-14,123339.3984375,124457.1171875,117254.8828125,118359.578125,104055627395,BTC-USD
2025-08-15,118365.78125,119332.3125,116864.5703125,117398.3515625,68665353159,BTC-USD
2025-08-16,117398.421875,117996.0625,117271.953125,117491.3515625,48036922378,BTC-USD
2025-08-17,117492.7890625,118595.7734375,117279.5234375,117453.0625,45852169525,BTC-USD
2025-08-18,117453.90625,117614.171875,114723.6796875,116252.3125,72787808090,BTC-USD
2025-08-19,116241.859375,116764.5,112730.3984375,112831.1796875,71657600353,BTC-USD
2025-08-20,112828.0234375,114625.796875,112387.9609375,114274.7421875,67993811526,BTC-USD
2025-08-21,114275.6875,114802.6484375,111986.234375,112419.03125,57817883700,BTC-USD
2025-08-22,112433.734375,117377.3984375,111678.9453125,116874.0859375,82528088240,BTC-USD
2025-08-23,116866.3671875,116996.25,114536.109375,115374.328125,55377142586,BTC-USD
2025-08-24,115387.390625,115615.0859375,111060.546875,113458.4296875,73961489632,BTC-USD
2025-08-25,113456.8984375,113637.84375,109324.28125,110124.3515625,85706860190,BTC-USD
2025-08-26,110124.1015625,112397.015625,108762.0390625,111802.65625,69396320317,BTC-USD
2025-08-27,111795.7109375,112619.4140625,110398.265625,111222.0625,62137056409,BTC-USD
2025-08-28,111219.0546875,113450.078125,110900.921875,112544.8046875,58860155962,BTC-USD
2025-08-29,112550.5234375,112619.0546875,107559.625,108410.8359375,77843379644,BTC-USD
2025-08-30,108409.40625,108929.3515625,107444.4453125,108808.0703125,51486264208,BTC-USD
2025-08-31,108818.4609375,109491.0,108104.65625,108236.7109375,47986191770,BTC-USD
2025-09-01,108228.75,109890.5859375,107271.1796875,109250.59375,66870372995,BTC-USD
2025-09-02,109243.0703125,111748.015625,108454.03125,111200.5859375,74776999491,BTC-USD
2025-09-03,111190.6953125,112600.2265625,110582.9609375,111723.2109375,61119643565,BTC-USD
2025-09-04,111718.1484375,112208.328125,109347.2265625,110723.6015625,60131132901,BTC-USD
2025-09-05,110723.015625,113357.4921875,110233.3984375,110650.984375,60241647677,BTC-USD
2025-09-06,110650.5703125,111275.015625,110024.0859375,110224.6953125,21500719036,BTC-USD
2025-09-07,110221.328125,111591.078125,110211.625,111167.6171875,24618007520,BTC-USD
2025-09-08,111163.015625,112869.234375,110630.609375,112071.4296875,40212813407,BTC-USD
2025-09-09,112077.578125,113225.4375,110776.703125,111530.546875,45984480722,BTC-USD
2025-09-10,111531.25,114275.25,110940.078125,113955.359375,56377473784,BTC-USD
2025-09-11,113961.4296875,115522.546875,113453.8359375,115507.5390625,45685065332,BTC-USD
2025-09-12,115507.7890625,116769.3828125,114794.484375,116101.578125,54785725894,BTC-USD
2025-09-13,116093.5625,116334.6328125,115248.2734375,115950.5078125,34549454947,BTC-USD
2025-09-14,115950.2890625,116181.5,115222.3984375,115407.65625,32798036057,BTC-USD
2025-09-15,115399.6328125,116747.8828125,114461.0625,115444.875,52937859416,BTC-USD
2025-09-16,115423.7578125,117005.2734375,114813.09375,116843.1875,45781744593,BTC-USD
2025-09-17,116840.5078125,117328.609375,114794.9765625,116468.5078125,60528025996,BTC-USD
2025-09-18,116461.265625,117911.7890625,116188.796875,117137.203125,49457272032,BTC-USD
2025-09-19,117137.671875,117479.7578125,115141.8203125,115688.859375,38828473971,BTC-USD
2025-09-20,115691.125,116191.1484375,115473.5234375,115721.9609375,22864449614,BTC-USD
2025-09-21,115730.2265625,115901.0859375,115252.578125,115306.09375,22495852193,BTC-USD
2025-09-22,115309.21875,115431.3125,112037.6484375,112748.5078125,70684158591,BTC-USD
2025-09-23,112757.4765625,113351.9140625,111535.5703125,112014.5,47211853279,BTC-USD
2025-09-24,112007.6640625,113986.2734375,111229.640625,113328.6328125,48044595085,BTC-USD
2025-09-25,113330.1640625,113541.0859375,108713.3984375,109049.2890625,75528654284,BTC-USD
2025-09-26,109041.296875,110359.1953125,108728.9765625,109712.828125,57738288949,BTC-USD
2025-09-27,109707.140625,109778.5,109144.296875,109681.9453125,26308042910,BTC-USD
2025-09-28,109681.9453125,112375.484375,109236.9453125,112122.640625,33371048505,BTC-USD
2025-09-29,112117.875,114473.5703125,111589.953125,114400.3828125,60000147466,BTC-USD
2025-09-30,114396.5234375,114836.6171875,112740.5625,114056.0859375,58986330258,BTC-USD
2025-10-01,114057.59375,118648.9296875,113981.3984375,118648.9296875,71328680132,BTC-USD
2025-10-02,118652.3828125,121086.40625,118383.15625,120681.2578125,71415163912,BTC-USD
2025-10-03,120656.984375,123944.703125,119344.3125,122266.53125,83941392228,BTC-USD
2025-10-04,122267.46875,122857.640625,121577.5703125,122425.4296875,36769171735,BTC-USD
2025-10-05,122419.671875,125559.2109375,122191.9609375,123513.4765625,73689317763,BTC-USD
2025-10-06,123510.453125,126198.0703125,123196.046875,124752.53125,72568881188,BTC-USD
2025-10-07,124752.140625,125184.0234375,120681.96875,121451.3828125,76149412513,BTC-USD
2025-10-08,121448.3515625,124167.09375,121119.1796875,123354.8671875,65354305286,BTC-USD
2025-10-09,123337.0703125,123739.34375,119812.03125,121705.5859375,74653009425,BTC-USD
2025-10-10,121704.7421875,122509.6640625,104582.4140625,113214.3671875,153125018868,BTC-USD
2025-10-11,113236.4296875,113429.7265625,109760.5625,110807.8828125,110236934340,BTC-USD
2025-10-12,110811.515625,115805.0625,109715.5390625,115169.765625,93710414091,BTC-USD
2025-10-13,115161.6796875,116020.484375,113821.1875,115271.078125,71582026739,BTC-USD
2025-10-14,115264.8828125,115502.8828125,110029.484375,113118.6640625,92212917403,BTC-USD
2025-10-15,113113.96875,113622.3828125,110235.8359375,110783.1640625,72574132855,BTC-USD
2025-10-16,110782.171875,111990.8125,107537.03125,108186.0390625,87306423067,BTC-USD
2025-10-17,108179.1328125,109235.8046875,103598.4296875,106467.7890625,99703051669,BTC-USD
2025-10-18,106483.734375,107490.984375,106387.453125,107198.265625,37779905278,BTC-USD
2025-10-19,107204.3125,109488.9921875,106157.7890625,108666.7109375,47657008953,BTC-USD
2025-10-20,108667.4453125,111711.03125,107485.015625,110588.9296875,63507793085,BTC-USD
2025-10-21,110587.6328125,113996.34375,107534.75,108476.890625,101194375480,BTC-USD
2025-10-22,108491.53125,109115.1328125,106778.0,107688.5859375,80807013218,BTC-USD
2025-10-23,107679.4375,111288.59375,107548.4296875,110069.7265625,54944076060,BTC-USD
2025-10-24,110069.3515625,111842.53125,109770.1484375,111033.921875,48160816980,BTC-USD
2025-10-25,111032.6171875,111947.703125,110704.40625,111641.7265625,24707667305,BTC-USD
2025-10-26,111639.0546875,115260.90625,111268.484375,114472.4453125,41708524143,BTC-USD
2025-10-27,114479.8515625,116273.3125,113882.2890625,114119.328125,61761358733,BTC-USD
2025-10-28,114129.0859375,116078.984375,112291.6796875,112956.1640625,64528066504,BTC-USD
2025-10-29,112921.328125,113642.7265625,109368.71875,110055.3046875,62192043469,BTC-USD
2025-10-30,110059.1953125,111612.3515625,106376.6875,108305.546875,69673964814,BTC-USD
2025-10-31,108304.4140625,111031.8203125,108288.2734375,109556.1640625,60090359560,BTC-USD
2025-11-01,109558.625,110574.8984375,109372.953125,110064.015625,25871668762,BTC-USD
2025-11-02,110064.4296875,111167.3125,109523.453125,110639.625,34284209459,BTC-USD
2025-11-03,110646.90625,110764.9140625,105336.359375,106547.5234375,72852006359,BTC-USD
2025-11-04,106541.421875,107264.8828125,98962.0625,101590.5234375,110967184773,BTC-USD
2025-11-05,101579.234375,104534.703125,98989.9140625,103891.8359375,77584934804,BTC-USD
2025-11-06,103893.6640625,104147.3046875,100336.8671875,101301.2890625,63932752861,BTC-USD
2025-11-07,101286.2421875,104052.9140625,99257.0546875,103372.40625,92168030081,BTC-USD
2025-11-08,103371.703125,103373.5625,101458.0390625,102282.1171875,51446691095,BTC-USD
2025-11-09,102278.984375,105418.3671875,101468.875,104719.640625,59679243013,BTC-USD
2025-11-10,104723.7734375,106564.6953125,104350.6484375,105996.59375,69585887229,BTC-USD
2025-11-11,105996.859375,107428.2578125,102457.328125,102997.46875,71130078574,BTC-USD
2025-11-12,103011.4375,105297.234375,100836.6171875,101663.1875,64347179408,BTC-USD
2025-11-13,101674.1484375,104005.4921875,97988.71875,99697.4921875,101546815416,BTC-USD
2025-11-14,99694.703125,99804.4296875,94000.734375,94397.7890625,114346441890,BTC-USD
2025-11-15,94420.46875,96728.46875,94420.46875,95549.1484375,38500716654,BTC-USD
2025-11-16,95556.8671875,96564.1875,92971.1640625,94177.078125,71086235862,BTC-USD
2025-11-17,94180.875,95928.3671875,91214.7578125,92093.875,94186165724,BTC-USD
2025-11-18,92094.53125,93745.078125,89300.4609375,92948.875,101333569062,BTC-USD
2025-11-19,92946.1640625,92946.1640625,88526.828125,91465.9921875,80350354656,BTC-USD
2025-11-20,91459.3515625,93025.0703125,86040.796875,86631.8984375,97970645638,BTC-USD
2025-11-21,86528.7734375,87380.8046875,80659.8125,85090.6875,129157506112,BTC-USD
2025-11-22,85098.5625,85503.0078125,83490.8984375,84648.359375,40793099246,BTC-USD
2025-11-23,84648.609375,88038.46875,84641.7734375,86805.0078125,58083435576,BTC-USD
2025-11-24,86798.7734375,89206.3359375,85272.1953125,88270.5625,74433896110,BTC-USD
2025-11-25,88269.9609375,88457.3359375,86131.4296875,87341.890625,64837343545,BTC-USD
2025-11-26,87345.5859375,90581.15625,86316.8984375,90518.3671875,66496301869,BTC-USD
2025-11-27,90517.765625,91897.578125,90089.515625,91285.375,57040622845,BTC-USD
2025-11-28,91285.3828125,92969.0859375,90257.1171875,90919.265625,60895830289,BTC-USD
2025-11-29,90918.7421875,91187.6171875,90260.1875,90851.7578125,37921773455,BTC-USD
2025-11-30,90838.2109375,91965.046875,90394.3125,90394.3125,38497902869,BTC-USD
2025-12-01,90389.109375,90398.15625,83862.25,86321.5703125,87962894424,BTC-USD
2025-12-02,86322.5390625,92316.6328125,86202.1953125,91350.203125,78546798211,BTC-USD
2025-12-03,91345.09375,94060.7734375,91056.390625,93527.8046875,77650204986,BTC-USD
2025-06-09,174.38402968862113,176.31231302715454,174.21418342483807,175.93264770507812,28935900,GOOGL
2025-06-10,176.04254985052344,180.94816607880887,174.7537092641778,178.44041442871094,61766100,GOOGL
2025-06-11,179.60936400867158,180.20881870896204,176.59205837486806,177.1915283203125,31646800,GOOGL
2025-06-12,176.02256609234394,176.56209210971562,174.59385119423692,175.54299926757812,20941900,GOOGL
2025-06-13,172.28591297451578,176.9717245091389,172.2359546046385,174.513916015625,27663100,GOOGL
2025-06-16,174.57385966373928,176.78189154925582,174.49392932110277,176.61204528808594,27389200,GOOGL
2025-06-17,175.5429937823964,177.20151408744945,174.4239994778565,175.7927703857422,24973000,GOOGL
2025-06-18,175.85271405711507,176.4022256326498,173.04522747911062,173.16513061523438,28707500,GOOGL
2025-06-20,173.79455416726213,174.18420505107113,165.312150640077,166.4910888671875,75659900,GOOGL
2025-06-23,166.1214256591391,167.19046158134836,161.85523705575486,165.04238891601562,57671000,GOOGL
2025-06-24,166.77084680791774,168.06968824197463,165.98155942026995,166.62098693847656,40524300,GOOGL
2025-06-25,167.48021861146748,172.2059878377665,167.40028826627824,170.52748107910156,35479000,GOOGL
2025-06-26,172.275909497391,173.53479332021178,169.78814431449064,173.38491821289062,31796700,GOOGL
2025-06-27,173.3849216100962,178.52032800475203,171.57654142712704,178.37046813964844,108140200,GOOGL
2025-06-30,180.6184624108643,181.0680572633364,174.4240054836315,176.07252502441406,63378900,GOOGL
2025-07-01,175.5829598377131,175.9326379218849,173.37492804100808,175.682861328125,35904500,GOOGL
2025-07-02,175.38312608280393,178.70016656024188,174.91356011283625,178.48036193847656,29128900,GOOGL
2025-07-03,178.34048951535135,179.50944215502514,176.89178830781478,179.36956787109375,21689700,GOOGL
2025-07-07,178.89999490759814,179.13978593904164,175.52301029591823,176.63201904296875,34175600,GOOGL
2025-07-08,177.691079951528,177.7909814447806,172.6555751408571,174.20419311523438,40442500,GOOGL
2025-07-09,175.09340252603724,179.27966092294577,172.61562283881983,176.46217346191406,43025600,GOOGL
2025-07-10,175.47306122205768,178.27054693495992,174.22417822695712,177.46127319335938,29252400,GOOGL
2025-07-11,176.6320206592132,181.26787392679407,176.32230010231936,180.02899169921875,34282900,GOOGL
2025-07-14,180.84823929966979,183.5058659137902,179.5194259926096,181.3977508544922,32536600,GOOGL
2025-07-15,182.6466456022175,184.05538933948807,181.4377353487915,181.83737182617188,33448300,GOOGL
2025-07-16,183.07626629854497,184.1652886399438,181.86734081977315,182.80650329589844,33104200,GOOGL
2025-07-17,181.9772389358081,183.89552139280437,180.31871865434178,183.41595458984375,31992600,GOOGL
2025-07-18,185.2343153104504,186.25340807875182,183.54583834733725,184.89462280273438,34014500,GOOGL
2025-07-21,186.08356432217508,190.11994741222205,185.98364758555138,189.9301300048828,45803100,GOOGL
2025-07-22,191.328882294876,191.47874216205827,187.29249900550474,191.1690216064453,44660200,GOOGL
2025-07-23,191.32888225818212,192.35796066638142,189.01094801184496,190.0600128173828,58681900,GOOGL
2025-07-24,196.85393348830104,197.7731095502254,190.8293230940032,191.99827575683594,74881700,GOOGL
2025-07-25,191.80844534575607,194.1563515198352,191.08908750710862,193.0073699951172,39785900,GOOGL
2025-07-28,193.47694913334269,193.87660084223495,190.6694625759226,192.4079132080078,38139500,GOOGL
2025-07-29,192.2580327538162,195.7449194968108,191.90835466905762,195.5750732421875,41389200,GOOGL
2025-07-30,195.42522371418744,197.42343657324804,194.51603320447785,196.35438537597656,32445400,GOOGL
2025-07-31,195.53512388567077,195.8148724632573,190.91924186518514,191.728515625,51329200,GOOGL
2025-08-01,188.86108179697592,190.65947636814528,187.65217158882444,188.96099853515625,34832200,GOOGL
2025-08-04,190.11995195242244,195.0955128481526,189.95010569222902,194.86570739746094,31547400,GOOGL
2025-08-05,194.5360207683401,197.68319994217242,193.71674617353807,194.4960479736328,31602300,GOOGL
2025-08-06,194.32618893507828,196.45429038129967,193.49692881868756,195.91476440429688,21562900,GOOGL
2025-08-07,196.88390160867925,197.36346840439734,194.15634544876863,196.34439086914062,26321800,GOOGL
2025-08-08,197.04376174071106,202.42894452614235,196.99380337261508,201.24000549316406,39161800,GOOGL
2025-08-11,200.76044484845534,201.29995560301907,198.8921207366326,200.8203887939453,25832400,GOOGL
2025-08-12,201.19005382143942,204.31726177746063,200.41075203769518,203.15829467773438,30397900,GOOGL
2025-08-13,203.94760013613634,204.3472366094903,197.33350521250262,201.779541015625,28342900,GOOGL
2025-08-14,201.31993610316366,204.2573113073674,201.05017311120625,202.75865173339844,25230400,GOOGL
2025-08-15,203.66784557245273,206.25552748751167,201.10013480886678,203.71778869628906,34931400,GOOGL
2025-08-18,204.01753247133055,205.08658368227987,202.30906899226142,203.3181610107422,18526600,GOOGL
2025-08-19,202.84857944432244,203.2582167438639,199.7813305987235,201.389892578125,24240200,GOOGL
2025-08-20,200.55061989251405,201.10013145192505,196.4243208994537,199.1418914794922,28955500,GOOGL
2025-08-21,199.57150268554688,202.29905887913935,199.25178132101763,199.57150268554688,19774600,GOOGL
2025-08-22,202.54883983863883,208.353645687597,201.12012497867053,205.9058380126953,42827000,GOOGL
2025-08-25,206.2455237198617,210.3318804204715,205.0965574752735,208.30369567871094,29928900,GOOGL
2025-08-26,207.32455950181813,207.66426725745978,205.5161793925774,206.95489501953125,28464100,GOOGL
2025-08-27,205.51617805576655,208.72331622375268,205.46621968804243,207.29458618164062,23022900,GOOGL
2025-08-28,207.0648053873533,212.0303655105851,206.71511204255788,211.4508819580078,32339300,GOOGL
2025-08-29,210.3218773757616,214.45817715575657,210.01215683893824,212.71974182128906,39728400,GOOGL
2025-09-02,208.25374472878948,211.4908397743193,206.01574085860813,211.16114807128906,47523000,GOOGL
2025-09-03,226.00786746880672,231.1033010071871,224.5891229524102,230.45388793945312,103336100,GOOGL
2025-09-04,229.4447813472723,232.16235200669,225.90795135774627,232.09242248535156,51684200,GOOGL
2025-09-05,231.9925075217388,235.54932393536487,231.69277254690593,234.79000854492188,46588900,GOOGL
2025-09-08,235.47000122070312,238.1300048828125,233.6699981689453,234.0399932861328,32474700,GOOGL
2025-09-09,234.1699981689453,240.47000122070312,233.22999572753906,239.6300048828125,38061000,GOOGL
2025-09-10,238.89999389648438,241.66000366210938,237.85000610351562,239.1699981689453,35141100,GOOGL
2025-09-11,239.8800048828125,242.25,236.25,240.3699951171875,30599300,GOOGL
2025-09-12,240.3699951171875,242.0800018310547,238.0,240.8000030517578,26771600,GOOGL
2025-09-15,244.66000366210938,252.41000366210938,244.66000366210938,251.61000061035156,58383800,GOOGL
2025-09-16,252.0800018310547,253.0399932861328,249.47000122070312,251.16000366210938,34109700,GOOGL
2025-09-17,251.22000122070312,251.60000610351562,246.27999877929688,249.52999877929688,34108000,GOOGL
2025-09-18,251.67999267578125,253.99000549316406,249.8000030517578,252.02999877929688,31239500,GOOGL
2025-09-19,253.25,256.0,251.80999755859375,254.72000122070312,55571400,GOOGL
2025-09-22,254.42999267578125,255.77999877929688,250.3000030517578,252.52999877929688,32290500,GOOGL
2025-09-23,253.0399932861328,254.36000061035156,250.47999572753906,251.66000366210938,26628000,GOOGL
2025-09-24,251.66000366210938,252.35000610351562,246.44000244140625,247.13999938964844,28201000,GOOGL
2025-09-25,244.39999389648438,246.49000549316406,240.74000549316406,245.7899932861328,31020400,GOOGL
2025-09-26,247.07000732421875,249.4199981689453,245.97000122070312,246.5399932861328,18503200,GOOGL
2025-09-29,247.85000610351562,251.14999389648438,242.77000427246094,244.0500030517578,32505800,GOOGL
2025-09-30,242.80999755859375,243.2899932861328,239.25,243.10000610351562,34724300,GOOGL
2025-10-01,240.75,246.3000030517578,238.61000061035156,244.89999389648438,31658200,GOOGL
2025-10-02,245.14999389648438,246.80999755859375,242.3000030517578,245.69000244140625,25483300,GOOGL
2025-10-03,244.49000549316406,246.3000030517578,241.66000366210938,245.35000610351562,30249600,GOOGL
2025-10-06,244.77999877929688,251.32000732421875,244.5800018310547,250.42999267578125,28894700,GOOGL
2025-10-07,248.27000427246094,250.44000244140625,245.52000427246094,245.75999450683594,23181300,GOOGL
2025-10-08,244.9600067138672,246.00999450683594,243.82000732421875,244.6199951171875,21307100,GOOGL
2025-10-09,244.47000122070312,244.75999450683594,239.14999389648438,241.52999877929688,27892100,GOOGL
2025-10-10,241.42999267578125,244.08999633789062,235.83999633789062,236.57000732421875,33180300,GOOGL
2025-10-13,240.2100067138672,244.5,239.7100067138672,244.14999389648438,24995000,GOOGL
2025-10-14,241.22999572753906,247.1199951171875,240.50999450683594,245.4499969482422,22111600,GOOGL
2025-10-15,247.25,252.11000061035156,245.99000549316406,251.02999877929688,27007700,GOOGL
2025-10-16,251.77000427246094,256.9599914550781,250.10000610351562,251.4600067138672,27997200,GOOGL
2025-10-17,250.75999450683594,254.22000122070312,247.80999755859375,253.3000030517578,29671600,GOOGL
2025-10-20,254.69000244140625,257.3299865722656,254.22999572753906,256.54998779296875,22350200,GOOGL
2025-10-21,254.74000549316406,254.8800048828125,244.14999389648438,250.4600067138672,47312100,GOOGL
2025-10-22,254.3699951171875,256.3599853515625,249.2899932861328,251.69000244140625,35029400,GOOGL
2025-10-23,252.97999572753906,255.0399932861328,251.85000610351562,253.0800018310547,19901400,GOOGL
2025-10-24,256.5799865722656,261.67999267578125,255.32000732421875,259.9200134277344,28655100,GOOGL
2025-10-27,264.82000732421875,270.1400146484375,264.2799987792969,269.2699890136719,35235200,GOOGL
2025-10-28,269.69000244140625,270.7300109863281,266.5,267.4700012207031,29738600,GOOGL
2025-10-29,267.75,275.3399963378906,267.6700134277344,274.57000732421875,43580300,GOOGL
2025-10-30,291.5899963378906,291.5899963378906,280.05999755859375,281.4800109863281,74876000,GOOGL
2025-10-31,283.2099914550781,286.0,277.0299987792969,281.19000244140625,39267900,GOOGL
2025-11-03,282.17999267578125,285.5299987792969,279.79998779296875,283.7200012207031,29786000,GOOGL
2025-11-04,276.75,281.2699890136719,276.260009765625,277.5400085449219,30078400,GOOGL
2025-11-05,278.8699951171875,286.4200134277344,277.3399963378906,284.30999755859375,31010300,GOOGL
2025-11-06,285.3299865722656,288.3500061035156,281.1400146484375,284.75,37173600,GOOGL
2025-11-07,283.2099914550781,283.7799987792969,275.19000244140625,278.8299865722656,34479600,GOOGL
2025-11-10,284.4200134277344,290.79998779296875,282.8599853515625,290.1000061035156,29557300,GOOGL
2025-11-11,287.75,291.9200134277344,287.32000732421875,291.30999755859375,19842100,GOOGL
2025-11-12,291.67999267578125,292.010009765625,283.69000244140625,286.7099914550781,24829900,GOOGL
2025-11-13,282.3399963378906,282.8399963378906,277.239990234375,278.57000732421875,29494000,GOOGL
2025-11-14,271.4100036621094,278.55999755859375,270.70001220703125,276.4100036621094,31647200,GOOGL
2025-11-17,285.7799987792969,293.95001220703125,283.57000732421875,285.0199890136719,52670200,GOOGL
2025-11-18,287.9200134277344,288.79998779296875,278.20001220703125,284.2799987792969,49158700,GOOGL
2025-11-19,287.1600036621094,303.80999755859375,286.6300048828125,292.80999755859375,68198900,GOOGL
2025-11-20,304.5400085449219,306.4200134277344,288.6700134277344,289.45001220703125,62025200,GOOGL
2025-11-21,296.4200134277344,303.9200134277344,293.8500061035156,299.6600036621094,74137700,GOOGL
2025-11-24,311.1300048828125,319.4800109863281,309.6000061035156,318.5799865722656,85165100,GOOGL
2025-11-25,326.2099914550781,328.8299865722656,317.6499938964844,323.44000244140625,88632100,GOOGL
2025-11-26,320.67999267578125,324.5,316.7900085449219,319.95001220703125,51373400,GOOGL
2025-11-28,323.3699951171875,326.8500061035156,316.7900085449219,320.17999267578125,26018600,GOOGL
2025-12-01,317.70001220703125,319.8500061035156,313.8900146484375,314.8900146484375,41183000,GOOGL
2025-12-02,316.739990234375,318.3800048828125,313.9100036621094,315.80999755859375,35854700,GOOGL
2025-12-03,315.8900146484375,321.5799865722656,314.1000061035156,319.6300048828125,41792400,GOOGL
2025-06-09,143.17198765195985,144.98175749406252,141.9221449149421,142.612060546875,185114500,NVDA
2025-06-10,142.6720500430919,144.27183958658884,141.51219232566982,143.94189453125,155881900,NVDA
2025-06-11,144.6018435649776,144.9818270127783,141.8619926278542,142.8219451904297,167694000,NVDA
2025-06-12,141.9619934165529,144.9918212890625,141.84200506767834,144.9918212890625,162365000,NVDA
2025-06-13,142.47195608609783,143.57190012016565,140.84205843661482,141.9619903564453,180820600,NVDA
2025-06-16,143.3419182543515,146.17174515794912,143.19191756263837,144.6818389892578,183133700,NVDA
2025-06-17,144.48185167828373,145.2118062109318,143.77188503129375,144.1118621826172,139108000,NVDA
2025-06-18,144.00186822839106,145.64177507521472,143.1119190601379,145.47178649902344,161494100,NVDA
2025-06-20,145.4417889825313,146.1917466588846,142.6419439392267,143.84188842773438,242956200,NVDA
2025-06-23,142.49196127355907,144.77183143330174,142.02198656661903,144.161865234375,154308900,NVDA
2025-06-24,145.55178305584516,147.9516567694991,145.4917888831412,147.8916473388672,187566100,NVDA
2025-06-25,149.2615908362584,154.44129154756814,149.2515816348226,154.30130004882812,269146500,NVDA
2025-06-26,155.9711982969104,156.71116205301092,153.99131424314706,155.01126098632812,198145700,NVDA
2025-06-27,156.03119384319848,158.7010567029259,155.25123904977087,157.74110412597656,263234500,NVDA
2025-06-30,158.39105963903748,158.65105473929458,155.95121007936535,157.98109436035156,194580300,NVDA
2025-07-01,156.28118836420296,157.19114075936278,151.4814709885328,153.29136657714844,213143600,NVDA
2025-07-02,152.97137110311218,157.5911210146133,152.9613771597412,157.2411346435547,171224100,NVDA
2025-07-03,158.36106240246136,160.97091579811564,157.76110539966962,159.3310089111328,143716100,NVDA
2025-07-07,158.19107281354107,159.3010108082469,157.33112071622008,158.2310791015625,140139000,NVDA
2025-07-08,159.32102164925746,160.21097087662494,158.3810721884118,159.99098205566406,138133000,NVDA
2025-07-09,161.2109090473586,164.41072552837133,161.15091487239096,162.87081909179688,183656400,NVDA
2025-07-10,164.31074810125853,164.4907306346819,161.6008940928153,164.09075927734375,167704100,NVDA
2025-07-11,163.71077623333997,167.88053943905462,163.4607903198708,164.91070556640625,193633300,NVDA
2025-07-14,165.36067502496692,165.48067863727533,162.0108729824689,164.06076049804688,136975800,NVDA
2025-07-15,171.18034650685541,172.39026971263084,169.19045325951484,170.69036865234375,230627400,NVDA
2025-07-16,171.05035621730414,171.74031976856003,168.89047429804987,171.36033630371094,158831500,NVDA
2025-07-17,172.01030913929756,174.15018791751396,170.82037376702192,172.99024963378906,160841100,NVDA
2025-07-18,173.63021019833226,174.24017641906912,171.2503394915346,172.40028381347656,146456400,NVDA
2025-07-21,172.7402639749064,173.37023335124513,170.99036260323587,171.37034606933594,123126100,NVDA
2025-07-22,171.33033873133073,171.38033896465845,164.5707252526767,167.0205841064453,193114300,NVDA
2025-07-23,169.52044095634585,171.25033914956657,167.96053134785282,170.77037048339844,154082200,NVDA
2025-07-24,172.43027959809626,173.82020061413024,171.29034448608226,173.73020935058594,128984600,NVDA
2025-07-25,173.60021352539138,174.71015156060187,172.9502562716434,173.49021911621094,122316800,NVDA
2025-07-28,174.0101941822023,176.9900219174052,173.96019394928393,176.7400360107422,140023500,NVDA
2025-07-29,177.94996552058157,179.36988356772682,175.01012896550742,175.50009155273438,154077500,NVDA
2025-07-30,176.50004870661488,179.87986313645385,176.03007396904806,179.25990295410156,174312200,NVDA
2025-07-31,182.88968537366165,183.28967198380855,175.92007699286586,177.85997009277344,221685400,NVDA
2025-08-01,174.08017933113513,176.53003812303805,170.88036283204175,173.710205078125,204529000,NVDA
2025-08-04,175.150129411279,180.18983857913796,174.5101661001552,179.98985290527344,148174600,NVDA
2025-08-05,179.6098628583566,180.24982614601393,175.8900714807458,178.24993896484375,156407600,NVDA
2025-08-06,176.32005948301483,179.88985025482887,176.2400621628547,179.40988159179688,137192300,NVDA
2025-08-07,181.5597693442696,183.86963665167795,178.78992126086553,180.7598114013672,151878400,NVDA
2025-08-08,181.5397681998595,183.2896695438941,180.3898238761652,182.689697265625,123396700,NVDA
2025-08-11,182.0397344504628,183.82962677132744,180.23983292857787,182.0497283935547,138323200,NVDA
2025-08-12,182.94968779347354,184.46959107996432,179.4498851930147,183.14967346191406,145485700,NVDA
2025-08-13,182.60969839497247,183.95962838065756,179.33989375414814,181.5797576904297,179871700,NVDA
2025-08-14,179.73985890356857,183.0096786896392,179.44988197821397,182.00973510742188,129554000,NVDA
2025-08-15,181.86974661621798,181.88973450248375,178.02995160113952,180.4398193359375,156602200,NVDA
2025-08-18,180.58981649127065,182.92968080449612,180.5798072904055,181.99972534179688,132008000,NVDA
2025-08-19,182.41970688751834,182.4897102645763,175.48011099603517,175.63009643554688,185229200,NVDA
2025-08-20,175.1601234390134,175.99007848098316,168.79048741289236,175.39010620117188,215142700,NVDA
2025-08-21,174.8401410010552,176.89001313294924,173.80019113380274,174.97012329101562,140040900,NVDA
2025-08-22,172.60026380920357,178.57992220965232,171.19033968434712,177.97996520996094,172789400,NVDA
2025-08-25,178.3399565343825,181.89975349617023,176.56005805348863,179.79986572265625,163012800,NVDA
2025-08-26,180.04984011627135,182.379710508586,178.79991063056144,181.75975036621094,168688200,NVDA
2025-08-27,181.96973565618129,182.47971666734583,179.0899084065932,181.5897674560547,235518900,NVDA
2025-08-28,180.80980830742462,184.45959632874283,176.40005338826177,180.1598358154297,281787800,NVDA
2025-08-29,178.099952232122,178.13994326196564,173.14022534545884,174.170166015625,243257900,NVDA
2025-09-02,169.99041567915194,172.37028638119727,167.2105736316213,170.77037048339844,231164900,NVDA
2025-09-03,171.0503597309562,172.40028977270214,168.8704898798795,170.61038208007812,164424900,NVDA
2025-09-04,170.56039467979372,171.85031526705663,169.40045639085815,171.65032958984375,141670100,NVDA
2025-09-05,168.02052717453523,169.02047080600087,164.06075893837155,167.01058959960938,224441400,NVDA
2025-09-08,167.5405549408978,170.95036631358883,167.34056927044318,168.30050659179688,163769100,NVDA
2025-09-09,169.08046220477644,170.97035502688004,166.7306038641957,170.7503662109375,157548400,NVDA
2025-09-10,176.63004377208136,179.2798883121013,175.46011154547278,177.32000732421875,226852000,NVDA
2025-09-11,179.67999267578125,180.27999877929688,176.47999572753906,177.1699981689453,151159300,NVDA
2025-09-12,177.77000427246094,178.60000610351562,176.4499969482422,177.82000732421875,124911000,NVDA
2025-09-15,175.6699981689453,178.85000610351562,174.50999450683594,177.75,147061600,NVDA
2025-09-16,177.0,177.5,174.3800048828125,174.8800048828125,140737800,NVDA
2025-09-17,172.63999938964844,173.1999969482422,168.41000366210938,170.2899932861328,211843800,NVDA
2025-09-18,173.97999572753906,177.10000610351562,172.9600067138672,176.24000549316406,191763300,NVDA
2025-09-19,175.77000427246094,178.0800018310547,175.17999267578125,176.6699981689453,237182100,NVDA
2025-09-22,175.3000030517578,184.5500030517578,174.7100067138672,183.61000061035156,269637000,NVDA
2025-09-23,181.97000122070312,182.4199981689453,176.2100067138672,178.42999267578125,192559600,NVDA
2025-09-24,179.77000427246094,179.77999877929688,175.39999389648438,176.97000122070312,143564100,NVDA
2025-09-25,174.47999572753906,180.25999450683594,173.1300048828125,177.69000244140625,191586700,NVDA
2025-09-26,178.1699981689453,179.77000427246094,174.92999267578125,178.19000244140625,148573700,NVDA
2025-09-29,180.42999267578125,184.0,180.32000732421875,181.85000610351562,193063500,NVDA
2025-09-30,182.0800018310547,187.35000610351562,181.47999572753906,186.5800018310547,236981000,NVDA
2025-10-01,185.24000549316406,188.13999938964844,183.89999389648438,187.24000549316406,173844900,NVDA
2025-10-02,189.60000610351562,191.0500030517578,188.05999755859375,188.88999938964844,136805800,NVDA
2025-10-03,189.19000244140625,190.36000061035156,185.3800048828125,187.6199951171875,137596900,NVDA
2025-10-06,185.5,187.22999572753906,183.3300018310547,185.5399932861328,157678100,NVDA
2025-10-07,186.22999572753906,189.05999755859375,184.0,185.0399932861328,140088000,NVDA
2025-10-08,186.57000732421875,189.60000610351562,186.5399932861328,189.11000061035156,130168900,NVDA
2025-10-09,192.22999572753906,195.3000030517578,191.05999755859375,192.57000732421875,182997200,NVDA
2025-10-10,193.50999450683594,195.6199951171875,182.0500030517578,183.16000366210938,268774400,NVDA
2025-10-13,187.97000122070312,190.11000061035156,185.9600067138672,188.32000732421875,153482800,NVDA
2025-10-14,184.77000427246094,184.8000030517578,179.6999969482422,180.02999877929688,205641400,NVDA
2025-10-15,184.8000030517578,184.8699951171875,177.2899932861328,179.8300018310547,214450500,NVDA
2025-10-16,182.22999572753906,183.27999877929688,179.77000427246094,181.80999755859375,179723300,NVDA
2025-10-17,180.17999267578125,184.10000610351562,179.75,183.22000122070312,173135200,NVDA
2025-10-20,183.1300048828125,185.1999969482422,181.72999572753906,182.63999938964844,128544700,NVDA
2025-10-21,182.7899932861328,182.7899932861328,179.8000030517578,181.16000366210938,124240200,NVDA
2025-10-22,181.13999938964844,183.44000244140625,176.75999450683594,180.27999877929688,162249600,NVDA
2025-10-23,180.4199981689453,183.02999877929688,179.7899932861328,182.16000366210938,111363700,NVDA
2025-10-24,183.83999633789062,187.47000122070312,183.5,186.25999450683594,131296700,NVDA
2025-10-27,189.99000549316406,192.0,188.42999267578125,191.49000549316406,153452700,NVDA
2025-10-28,193.0500030517578,203.14999389648438,191.91000366210938,201.02999877929688,297986200,NVDA
2025-10-29,207.97999572753906,212.19000244140625,204.77999877929688,207.0399932861328,308829600,NVDA
2025-10-30,205.14999389648438,206.16000366210938,201.41000366210938,202.88999938964844,178864400,NVDA
2025-10-31,206.4499969482422,207.97000122070312,202.07000732421875,202.49000549316406,179802200,NVDA
2025-11-03,208.0800018310547,211.33999633789062,205.55999755859375,206.8800048828125,180267300,NVDA
2025-11-04,203.0,203.97000122070312,197.92999267578125,198.69000244140625,188919300,NVDA
2025-11-05,198.77000427246094,202.9199981689453,194.64999389648438,195.2100067138672,171350300,NVDA
2025-11-06,196.4199981689453,197.6199951171875,186.3800048828125,188.0800018310547,223029800,NVDA
2025-11-07,184.89999389648438,188.32000732421875,178.91000366210938,188.14999389648438,264942300,NVDA
2025-11-10,195.11000061035156,199.94000244140625,193.7899932861328,199.0500030517578,198897100,NVDA
2025-11-11,195.16000366210938,195.4199981689453,191.3000030517578,193.16000366210938,176483300,NVDA
2025-11-12,195.72000122070312,195.88999938964844,191.1300048828125,193.8000030517578,154935300,NVDA
2025-11-13,191.0500030517578,191.44000244140625,183.85000610351562,186.86000061035156,207423100,NVDA
2025-11-14,182.86000061035156,191.00999450683594,180.5800018310547,190.1699981689453,186591900,NVDA
2025-11-17,185.97000122070312,189.0,184.32000732421875,186.60000610351562,173628900,NVDA
2025-11-18,183.3800048828125,184.8000030517578,179.64999389648438,181.36000061035156,213598900,NVDA
2025-11-19,184.7899932861328,187.86000061035156,182.8300018310547,186.52000427246094,247246400,NVDA
2025-11-20,195.9499969482422,196.0,179.85000610351562,180.63999938964844,343504800,NVDA
2025-11-21,181.24000549316406,184.55999755859375,172.92999267578125,178.8800048828125,346926200,NVDA
2025-11-24,179.49000549316406,183.5,176.47999572753906,182.5500030517578,256618300,NVDA
2025-11-25,174.91000366210938,178.16000366210938,169.5500030517578,177.82000732421875,320600300,NVDA
2025-11-26,181.6300048828125,182.91000366210938,178.24000549316406,180.25999450683594,183852000,NVDA
2025-11-28,179.00999450683594,179.2899932861328,176.5,177.0,121332800,NVDA
2025-12-01,174.75999450683594,180.3000030517578,173.67999267578125,179.9199981689453,188131000,NVDA
2025-12-02,181.75999450683594,185.66000366210938,180.0,181.4600067138672,182632200,NVDA
2025-12-03,181.0800018310547,182.4499969482422,179.11000061035156,179.58999633789062,164721400,NVDA
2025-06-09,214.75,217.85000610351562,212.8800048828125,216.97999572753906,38102500,AMZN
2025-06-10,216.77999877929688,217.69000244140625,214.14999389648438,217.61000061035156,31303300,AMZN
2025-06-11,217.41000366210938,218.39999389648438,212.88999938964844,213.1999969482422,39326000,AMZN
2025-06-12,211.77999877929688,213.5800018310547,211.3300018310547,213.24000549316406,27640000,AMZN
2025-06-13,209.9600067138672,214.0500030517578,209.6199951171875,212.10000610351562,29337800,AMZN
2025-06-16,212.30999755859375,217.05999755859375,211.60000610351562,216.10000610351562,33284200,AMZN
2025-06-17,215.1999969482422,217.41000366210938,214.55999755859375,214.82000732421875,32086300,AMZN
2025-06-18,215.08999633789062,217.9600067138672,212.33999633789062,212.52000427246094,44360500,AMZN
2025-06-20,214.67999267578125,214.88999938964844,208.27000427246094,209.69000244140625,75350700,AMZN
2025-06-23,209.7899932861328,210.38999938964844,207.30999755859375,208.47000122070312,37311700,AMZN
2025-06-24,212.13999938964844,214.33999633789062,211.0500030517578,212.77000427246094,38378800,AMZN
2025-06-25,214.6199951171875,216.02999877929688,211.11000061035156,211.99000549316406,31755700,AMZN
2025-06-26,213.1199951171875,218.0399932861328,212.00999450683594,217.1199951171875,50480800,AMZN
2025-06-27,219.9199981689453,223.3000030517578,216.74000549316406,223.3000030517578,119217100,AMZN
2025-06-30,223.52000427246094,223.82000732421875,219.1199951171875,219.38999938964844,58887800,AMZN
2025-07-01,219.5,221.8800048828125,217.92999267578125,220.4600067138672,39256800,AMZN
2025-07-02,219.72999572753906,221.60000610351562,219.05999755859375,219.9199981689453,30894200,AMZN
2025-07-03,221.82000732421875,224.00999450683594,221.36000061035156,223.41000366210938,29632400,AMZN
2025-07-07,223.0,224.2899932861328,222.3699951171875,223.47000122070312,36604100,AMZN
2025-07-08,223.9199981689453,224.0,218.42999267578125,219.36000061035156,45692000,AMZN
2025-07-09,221.07000732421875,224.2899932861328,220.47000122070312,222.5399932861328,38155100,AMZN
2025-07-10,221.5500030517578,222.7899932861328,219.6999969482422,222.25999450683594,30370600,AMZN
2025-07-11,223.5800018310547,226.67999267578125,222.3699951171875,225.02000427246094,50518300,AMZN
2025-07-14,225.07000732421875,226.66000366210938,224.24000549316406,225.69000244140625,35702600,AMZN
2025-07-15,226.1999969482422,227.27000427246094,225.4600067138672,226.35000610351562,34907300,AMZN
2025-07-16,225.8800048828125,226.10000610351562,222.17999267578125,223.19000244140625,39535900,AMZN
2025-07-17,223.32000732421875,224.5,222.50999450683594,223.8800048828125,31855800,AMZN
2025-07-18,225.13999938964844,226.39999389648438,222.97999572753906,226.1300048828125,37833800,AMZN
2025-07-21,225.83999633789062,229.69000244140625,225.64999389648438,229.3000030517578,40297600,AMZN
2025-07-22,229.67999267578125,230.0,226.35000610351562,227.47000122070312,37483700,AMZN
2025-07-23,228.47000122070312,228.7899932861328,227.08999633789062,228.2899932861328,28294900,AMZN
2025-07-24,229.1699981689453,236.0,228.63999938964844,232.22999572753906,42902300,AMZN
2025-07-25,232.22000122070312,232.47999572753906,231.17999267578125,231.44000244140625,28712100,AMZN
2025-07-28,233.35000610351562,234.2899932861328,232.25,232.7899932861328,26300100,AMZN
2025-07-29,234.14999389648438,234.72000122070312,230.30999755859375,231.00999450683594,33716200,AMZN
2025-07-30,231.63999938964844,231.8000030517578,229.2899932861328,230.19000244140625,32993300,AMZN
2025-07-31,235.77000427246094,236.52999877929688,231.39999389648438,234.11000061035156,104357300,AMZN
2025-08-01,217.2100067138672,220.44000244140625,212.8000030517578,214.75,122258800,AMZN
2025-08-04,217.39999389648438,217.44000244140625,211.4199981689453,211.64999389648438,77890100,AMZN
2025-08-05,213.0500030517578,216.3000030517578,212.8699951171875,213.75,51505100,AMZN
2025-08-06,214.6999969482422,222.64999389648438,213.74000549316406,222.30999755859375,54823000,AMZN
2025-08-07,221.0,226.22000122070312,220.82000732421875,223.1300048828125,40603500,AMZN
2025-08-08,223.13999938964844,223.8000030517578,221.8800048828125,222.69000244140625,32970500,AMZN
2025-08-11,221.77999877929688,223.0500030517578,220.39999389648438,221.3000030517578,31646200,AMZN
2025-08-12,222.22999572753906,223.5,219.0500030517578,221.47000122070312,37185800,AMZN
2025-08-13,222.0,224.9199981689453,222.0,224.55999755859375,36508300,AMZN
2025-08-14,227.39999389648438,233.11000061035156,227.02000427246094,230.97999572753906,61545800,AMZN
2025-08-15,232.5800018310547,234.0800018310547,229.80999755859375,231.02999877929688,39649200,AMZN
2025-08-18,230.22999572753906,231.91000366210938,228.3300018310547,231.49000549316406,25248900,AMZN
2025-08-19,230.08999633789062,230.52999877929688,227.1199951171875,228.00999450683594,29891000,AMZN
2025-08-20,227.1199951171875,227.27000427246094,220.9199981689453,223.80999755859375,36604300,AMZN
2025-08-21,222.64999389648438,222.77999877929688,220.5,221.9499969482422,32140500,AMZN
2025-08-22,222.7899932861328,229.13999938964844,220.82000732421875,228.83999633789062,37315300,AMZN
2025-08-25,227.35000610351562,229.60000610351562,227.30999755859375,227.94000244140625,22633700,AMZN
2025-08-26,227.11000061035156,229.0,226.02000427246094,228.7100067138672,26105400,AMZN
2025-08-27,228.57000732421875,229.8699951171875,227.80999755859375,229.1199951171875,21254500,AMZN
2025-08-28,229.00999450683594,232.7100067138672,228.02000427246094,231.60000610351562,33679600,AMZN
2025-08-29,231.32000732421875,231.80999755859375,228.16000366210938,229.0,26199200,AMZN
2025-09-02,223.52000427246094,226.1699981689453,221.8300018310547,225.33999633789062,38843900,AMZN
2025-09-03,225.2100067138672,227.1699981689453,224.36000061035156,225.99000549316406,29223100,AMZN
2025-09-04,231.19000244140625,235.77000427246094,230.77999877929688,235.67999267578125,59391800,AMZN
2025-09-05,235.19000244140625,236.0,231.92999267578125,232.3300018310547,36721800,AMZN
2025-09-08,234.94000244140625,237.60000610351562,233.75,235.83999633789062,33947100,AMZN
2025-09-09,236.36000061035156,238.85000610351562,235.0800018310547,238.24000549316406,27033800,AMZN
2025-09-10,237.52000427246094,237.67999267578125,229.10000610351562,230.3300018310547,60907700,AMZN
2025-09-11,231.49000549316406,231.52999877929688,229.33999633789062,229.9499969482422,37485600,AMZN
2025-09-12,230.35000610351562,230.7899932861328,226.2899932861328,228.14999389648438,38496200,AMZN
2025-09-15,230.6300048828125,233.72999572753906,230.32000732421875,231.42999267578125,33243300,AMZN
2025-09-16,232.94000244140625,235.89999389648438,232.22999572753906,234.0500030517578,38203900,AMZN
2025-09-17,233.77000427246094,234.3000030517578,228.7100067138672,231.6199951171875,42815200,AMZN
2025-09-18,232.5,233.47999572753906,228.7899932861328,231.22999572753906,37931700,AMZN
2025-09-19,232.3699951171875,234.16000366210938,229.6999969482422,231.47999572753906,97943200,AMZN
2025-09-22,230.55999755859375,230.57000732421875,227.50999450683594,227.6300048828125,45914500,AMZN
2025-09-23,227.8300018310547,227.86000061035156,220.07000732421875,220.7100067138672,70956200,AMZN
2025-09-24,224.14999389648438,224.55999755859375,219.4499969482422,220.2100067138672,49509000,AMZN
2025-09-25,220.05999755859375,220.6699981689453,216.47000122070312,218.14999389648438,52226300,AMZN
2025-09-26,219.0800018310547,221.0500030517578,218.02000427246094,219.77999877929688,41650100,AMZN
2025-09-29,220.0800018310547,222.60000610351562,219.3000030517578,222.1699981689453,44259200,AMZN
2025-09-30,222.02999877929688,222.24000549316406,217.88999938964844,219.57000732421875,48396400,AMZN
2025-10-01,217.36000061035156,222.14999389648438,216.61000061035156,220.6300048828125,43933800,AMZN
2025-10-02,221.00999450683594,222.80999755859375,218.9499969482422,222.41000366210938,41258600,AMZN
2025-10-03,223.44000244140625,224.1999969482422,219.33999633789062,219.50999450683594,43639000,AMZN
2025-10-06,221.0,221.72999572753906,216.02999877929688,220.89999389648438,43690900,AMZN
2025-10-07,220.8800048828125,222.88999938964844,220.1699981689453,221.77999877929688,31194700,AMZN
2025-10-08,222.9199981689453,226.72999572753906,221.19000244140625,225.22000122070312,46686000,AMZN
2025-10-09,225.0,228.2100067138672,221.75,227.74000549316406,46412100,AMZN
2025-10-10,226.2100067138672,228.25,216.0,216.3699951171875,72367500,AMZN
2025-10-13,217.6999969482422,220.67999267578125,217.0399932861328,220.07000732421875,37809700,AMZN
2025-10-14,215.55999755859375,219.32000732421875,212.60000610351562,216.38999938964844,45665600,AMZN
2025-10-15,216.6199951171875,217.7100067138672,212.66000366210938,215.57000732421875,45909500,AMZN
2025-10-16,215.6699981689453,218.58999633789062,212.80999755859375,214.47000122070312,42414600,AMZN
2025-10-17,214.55999755859375,214.8000030517578,211.02999877929688,213.0399932861328,45986900,AMZN
2025-10-20,213.8800048828125,216.69000244140625,213.58999633789062,216.47999572753906,38882800,AMZN
2025-10-21,218.42999267578125,223.32000732421875,217.99000549316406,222.02999877929688,50494600,AMZN
2025-10-22,219.3000030517578,220.00999450683594,216.52000427246094,217.9499969482422,44308500,AMZN
2025-10-23,219.0,221.3000030517578,218.17999267578125,221.08999633789062,31540000,AMZN
2025-10-24,221.97000122070312,225.39999389648438,221.89999389648438,224.2100067138672,38685100,AMZN
2025-10-27,227.66000366210938,228.39999389648438,225.5399932861328,226.97000122070312,38267000,AMZN
2025-10-28,228.22000122070312,231.49000549316406,226.2100067138672,229.25,47100000,AMZN
2025-10-29,231.6699981689453,232.82000732421875,227.75999450683594,230.3000030517578,52036200,AMZN
2025-10-30,227.05999755859375,228.44000244140625,222.75,222.86000061035156,102252900,AMZN
2025-10-31,250.10000610351562,250.5,243.97999572753906,244.22000122070312,166340800,AMZN
2025-11-03,255.36000061035156,258.6000061035156,252.89999389648438,254.0,95997800,AMZN
2025-11-04,250.3800048828125,257.010009765625,248.66000366210938,249.32000732421875,51546300,AMZN
2025-11-05,249.02999877929688,251.0,246.16000366210938,250.1999969482422,40610700,AMZN
2025-11-06,249.16000366210938,250.3800048828125,242.1699981689453,243.0399932861328,46004200,AMZN
2025-11-07,242.89999389648438,244.89999389648438,238.49000549316406,244.41000366210938,46374300,AMZN
2025-11-10,248.33999633789062,251.75,245.58999633789062,248.39999389648438,36476500,AMZN
2025-11-11,248.41000366210938,249.75,247.22999572753906,249.10000610351562,23564100,AMZN
2025-11-12,250.24000549316406,250.3699951171875,243.75,244.1999969482422,31190100,AMZN
2025-11-13,243.0500030517578,243.75,236.5,237.5800018310547,41401700,AMZN
2025-11-14,235.05999755859375,238.72999572753906,232.88999938964844,234.69000244140625,38956700,AMZN
2025-11-17,233.25,234.60000610351562,229.19000244140625,232.8699951171875,59919000,AMZN
2025-11-18,228.10000610351562,230.1999969482422,222.4199981689453,222.5500030517578,60608400,AMZN
2025-11-19,223.74000549316406,223.74000549316406,218.52000427246094,222.69000244140625,58335600,AMZN
2025-11-20,227.0500030517578,227.41000366210938,216.74000549316406,217.13999938964844,50309000,AMZN
2025-11-21,216.35000610351562,222.2100067138672,215.17999267578125,220.69000244140625,68490500,AMZN
2025-11-24,222.55999755859375,227.3300018310547,222.27000427246094,226.27999877929688,54318400,AMZN
2025-11-25,226.3800048828125,230.52000427246094,223.8000030517578,229.6699981689453,39379300,AMZN
2025-11-26,230.74000549316406,231.75,228.77000427246094,229.16000366210938,38497900,AMZN
2025-11-28,231.24000549316406,233.2899932861328,230.22000122070312,233.22000122070312,20292300,AMZN
2025-12-01,233.22000122070312,235.8000030517578,232.25,233.8800048828125,42904000,AMZN
2025-12-02,235.00999450683594,238.97000122070312,233.5500030517578,234.4199981689453,45785400,AMZN
2025-12-03,233.35000610351562,233.3800048828125,230.61000061035156,232.3800048828125,35424000,AMZN
2025-06-09,697.4522697198046,704.1725400365549,692.9387717641956,693.05859375,12773200,META
2025-06-10,700.3380628694553,702.2153552678959,690.5622098918083,701.3865966796875,10850100,META
2025-06-11,702.6946882022667,707.8472163839234,690.9915664747034,693.1384887695312,9582500,META
2025-06-12,692.2997081453341,694.3767242272471,686.0088098513999,692.359619140625,7322700,META
2025-06-13,686.9574533802801,693.5678973171928,680.0274638185289,681.884765625,9274400,META
2025-06-16,698.8583271202571,706.6730599404123,693.042245323344,701.6464233398438,13720300,META
2025-06-17,701.5265067822095,705.4937997727949,695.5905108235235,696.7597045898438,10066100,META
2025-06-18,697.7090678240436,701.1168019237268,694.4313119124115,695.3007202148438,10068300,META
2025-06-20,700.2773225024961,701.3466080737581,678.2121990654855,681.8897094726562,22538600,META
2025-06-23,683.2288810707365,698.578506730811,678.2922104620159,698.0588989257812,11080100,META
2025-06-24,704.4145982313105,712.7089880581048,701.6364439383941,711.7196655273438,13823200,META
2025-06-25,712.8389115768144,716.0967226422507,704.9042642374237,708.2020263671875,9320400,META
2025-06-26,713.8781511444844,727.7287879670295,710.5703861718163,725.6002807617188,13964800,META
2025-06-27,726.0300029969949,734.933966624867,725.3704139910845,733.1351928710938,18775700,META
2025-06-30,744.0478281561813,747.3956053545359,733.7547871608941,737.5922241210938,15402100,META
2025-07-01,736.3829859262192,737.2523942395003,714.8874844693272,718.73486328125,13431200,META
2025-07-02,714.8475066710681,719.814124987759,712.3191839508311,713.0886840820312,9336700,META
2025-07-03,726.1198736779997,728.5382852595793,713.9380936153356,718.5250244140625,8601700,META
2025-07-07,717.1159843593155,726.5096688493239,713.0287770502092,717.865478515625,9457100,META
2025-07-08,721.0833162832664,722.4223783113574,714.3278660699458,720.1838989257812,7770700,META
2025-07-09,722.2324935525554,737.0325627099321,722.2324935525554,732.2857666015625,11418000,META
2025-07-10,731.0565410529589,735.3036743334181,719.1145893949879,726.7494506835938,9913600,META
2025-07-11,722.0126865863356,724.6708656262394,709.2213321577215,717.0260620117188,10873900,META
2025-07-14,717.1159478712506,727.5089573741911,716.0666683046045,720.4337158203125,8939400,META
2025-07-15,723.4117865461602,723.9813484321952,709.3412657918492,709.910888671875,11529500,META
2025-07-16,712.8888186148534,713.4883895101593,698.7983536292803,702.4358520507812,13067600,META
2025-07-17,703.9149211888315,705.4239124906103,696.6398020897627,700.9368896484375,11803300,META
2025-07-18,701.7163755426589,704.2346953216606,691.1835067266235,703.8049926757812,12779800,META
2025-07-21,706.323253430884,716.5163857618587,705.283976865439,712.4890747070312,9404400,META
2025-07-22,715.7069236590216,716.1166202717292,700.936863669917,704.3345947265625,8921100,META
2025-07-23,705.8935351714335,714.1479734039639,704.4545040389586,713.0986938476562,8771600,META
2025-07-24,716.5663535187755,723.1319295191287,713.518422874761,714.31787109375,10920800,META
2025-07-25,716.4364100852231,720.1639356225638,711.4198376232321,712.1992797851562,8271700,META
2025-07-28,714.7176423374738,724.2511860836681,712.199322444747,717.14599609375,8715700,META
2025-07-29,719.5143415178571,723.9812971110003,699.4378659012062,699.52783203125,13267000,META
2025-07-30,707.6124059283386,708.0221025377599,690.7337839335887,694.7410888671875,27077300,META
2025-07-31,774.6771576404832,784.2207041864842,764.9936908827026,772.9183349609375,38831100,META
2025-08-01,760.2168907933417,765.4833558536491,744.8073082016023,749.504150390625,19028700,META
2025-08-04,759.4874200926632,776.3260312589632,757.898465626429,775.8463745117188,15801700,META
2025-08-05,775.9262968482556,782.6017838704779,762.485356671436,762.945068359375,11640300,META
2025-08-06,769.4806512883487,773.1182108239055,759.9471077743785,771.4692993164062,9733900,META
2025-08-07,772.9682705923176,774.4772618550992,759.037670694158,761.316162109375,9019700,META
2025-08-08,762.2355578226991,769.3807598518028,758.0683873872562,768.7811279296875,7320800,META
2025-08-11,769.5606371158788,772.9383623565644,764.1542517302764,765.3534545898438,7612000,META
2025-08-12,772.4786291967464,793.13467067664,771.9090063294184,789.4671630859375,14563100,META
2025-08-13,790.6164352280034,794.9235259193555,777.7051051745191,779.5538940429688,8811800,META
2025-08-14,777.3553445445746,787.2786396920953,771.9889713529242,781.6024780273438,8116200,META
2025-08-15,783.621150744718,795.7129654452535,780.293379600551,784.7003784179688,13375400,META
2025-08-18,774.5672416992095,775.2867267942328,756.0497105947067,766.8524169921875,16513700,META
2025-08-19,766.6026107662994,766.6525648449835,748.854579245516,750.97314453125,12286700,META
2025-08-20,747.0657749776972,749.6940059349637,730.506944043105,747.2156372070312,11898200,META
2025-08-21,744.2077027473434,744.9971479214436,732.6154905427838,738.6014404296875,8876300,META
2025-08-22,738.7313812096488,756.389506981927,733.8946798718869,754.2808837890625,10612700,META
2025-08-25,754.3108643612958,758.3681233608074,749.6240254313439,752.7918701171875,6861200,META
2025-08-26,750.2936075268326,754.3608698171868,747.4355511046348,753.5913696289062,7601800,META
2025-08-27,751.7925800305345,753.6413688476172,742.338999603057,746.8759155273438,8315400,META
2025-08-28,743.4982035863915,752.5420875468095,740.3003496517379,750.6033935546875,7468000,META
2025-08-29,744.7773613013366,746.6360921511391,734.8540051000575,738.2017822265625,9070500,META
2025-09-02,725.5502463590637,735.5035500540433,721.2431559989143,734.6141357421875,9350900,META
2025-09-03,735.5035768564753,739.7507102826166,733.4949228182503,736.5528564453125,7699300,META
2025-09-04,748.0651174458885,760.6465916805791,745.3169722452417,748.1450805664062,11439100,META
2025-09-05,752.1123731440612,757.4387952805295,744.5275265518461,751.9425048828125,9663400,META
2025-09-08,755.4900579545978,765.992978439962,751.5127620882034,751.7925415039062,13087800,META
2025-09-09,756.9790485610613,765.7831036056251,752.9217895494754,765.1835327148438,10999000,META
2025-09-10,764.6139331888977,765.1835560495044,750.4934588375091,751.4727783203125,12478300,META
2025-09-11,754.1410253741255,756.5893240941964,747.8652318538085,750.3935546875,7923300,META
2025-09-12,748.2249639979328,757.0590282777322,743.2583455274284,755.0803833007812,8248600,META
2025-09-15,756.9590394303372,773.547878937133,751.4827553370264,764.1842041015625,10533800,META
2025-09-16,766.4826425887807,780.8329418323293,764.583899780601,778.4745483398438,11782500,META
2025-09-17,779.4639169106475,782.7616789884555,765.7931508650867,775.19677734375,9400900,META
2025-09-18,780.223417654285,788.2480310412486,772.8383872533639,779.7237548828125,10955000,META
2025-09-19,785.8895354575697,790.2665859871321,768.6711767678263,777.85498046875,23696800,META
2025-09-22,781.8499755859375,785.72998046875,764.469970703125,765.1599731445312,11706900,META
2025-09-23,769.25,770.5999755859375,751.0700073242188,755.4000244140625,10872600,META
2025-09-24,757.5,761.1099853515625,752.530029296875,760.6599731445312,8828200,META
2025-09-25,753.4500122070312,756.77001953125,744.5499877929688,748.9099731445312,10591100,META
2025-09-26,750.0,751.9299926757812,737.3499755859375,743.75,9696300,META
2025-09-29,748.719970703125,750.780029296875,739.1500244140625,743.4000244140625,9246800,META
2025-09-30,742.25,742.969970703125,726.2999877929688,734.3800048828125,16226800,META
2025-10-01,721.489990234375,721.8499755859375,710.2000122070312,717.3400268554688,20419600,META
2025-10-02,722.5800170898438,727.77001953125,718.1400146484375,727.0499877929688,11415300,META
2025-10-03,729.6300048828125,731.0,710.1799926757812,710.5599975585938,16154300,META
2025-10-06,705.1900024414062,716.8800048828125,690.510009765625,715.6599731445312,21654700,META
2025-10-07,717.719970703125,718.5,705.75,713.0800170898438,12062900,META
2025-10-08,713.4500122070312,719.6500244140625,707.8099975585938,717.8400268554688,10790600,META
2025-10-09,718.280029296875,733.510009765625,712.4400024414062,733.510009765625,12717200,META
2025-10-10,730.9199829101562,735.27001953125,704.510009765625,705.2999877929688,16980100,META
2025-10-13,713.010009765625,719.9400024414062,707.6400146484375,715.7000122070312,9251800,META
2025-10-14,707.780029296875,715.5499877929688,699.3300170898438,708.6500244140625,8829800,META
2025-10-15,717.0599975585938,723.9000244140625,709.510009765625,717.5499877929688,10246800,META
2025-10-16,717.5499877929688,725.489990234375,703.8800048828125,712.0700073242188,9017000,META
2025-10-17,707.0800170898438,718.5399780273438,706.1199951171875,716.9199829101562,12232400,META
2025-10-20,721.1900024414062,733.77001953125,720.1799926757812,732.1699829101562,8900200,META
2025-10-21,736.02001953125,738.5,728.75,733.27001953125,7647300,META
2025-10-22,733.8300170898438,740.5999755859375,724.030029296875,733.4099731445312,8734500,META
2025-10-23,734.7000122070312,742.4099731445312,733.0999755859375,734.0,9856000,META
2025-10-24,736.7899780273438,741.2100219726562,731.1500244140625,738.3599853515625,9151300,META
2025-10-27,749.72998046875,755.75,748.010009765625,750.8200073242188,11321100,META
2025-10-28,752.6300048828125,758.4000244140625,745.52001953125,751.4400024414062,12193800,META
2025-10-29,754.75,759.1599731445312,742.510009765625,751.6699829101562,26818600,META
2025-10-30,669.1500244140625,680.9600219726562,650.1699829101562,666.469970703125,88440100,META
2025-10-31,674.510009765625,674.8900146484375,645.5700073242188,648.3499755859375,56953200,META
2025-11-03,656.0,659.3300170898438,636.1799926757812,637.7100219726562,33003600,META
2025-11-04,628.0399780273438,641.739990234375,626.010009765625,627.3200073242188,27356600,META
2025-11-05,632.3099975585938,642.22998046875,626.5399780273438,635.9500122070312,20219900,META
2025-11-06,635.8499755859375,636.0,618.0,618.9400024414062,23628800,META
2025-11-07,616.489990234375,622.1300048828125,601.2000122070312,621.7100219726562,29946800,META
2025-11-10,631.0900268554688,635.0,618.1099853515625,631.760009765625,19245000,META
2025-11-11,628.0,629.5599975585938,619.3900146484375,627.0800170898438,13302200,META
2025-11-12,628.1300048828125,628.989990234375,607.77001953125,609.010009765625,24493300,META
2025-11-13,613.0700073242188,617.6500244140625,603.0,609.8900146484375,20973800,META
2025-11-14,601.7899780273438,613.6799926757812,595.2000122070312,609.4600219726562,20724100,META
2025-11-17,609.0399780273438,611.6900024414062,595.4000244140625,602.010009765625,16501300,META
2025-11-18,591.5999755859375,603.6599731445312,583.780029296875,597.6900024414062,25500600,META
2025-11-19,593.719970703125,595.3300170898438,581.25,590.3200073242188,24744700,META
2025-11-20,603.5,606.719970703125,583.3499755859375,589.1500244140625,20603000,META
2025-11-21,588.5,598.1199951171875,581.8599853515625,594.25,21052600,META
2025-11-24,598.719970703125,616.7000122070312,597.6300048828125,613.0499877929688,23554900,META
2025-11-25,624.0,637.0499877929688,618.2999877929688,636.219970703125,25213000,META
2025-11-26,637.6900024414062,638.3599853515625,631.6300048828125,633.6099853515625,15209500,META
2025-11-28,636.0800170898438,648.0499877929688,635.5,647.9500122070312,11033200,META
2025-12-01,639.5499877929688,645.3200073242188,637.760009765625,640.8699951171875,13029900,META
2025-12-02,642.3400268554688,647.8699951171875,638.0700073242188,647.0999755859375,11640900,META
2025-12-03,644.4099731445312,648.8499755859375,637.5499877929688,639.5999755859375,11104000,META
